query_id,doc_id,relevance,iteration
336901,msmarco_doc_02_580832591,0,0
2025747,msmarco_doc_55_968245146,0,0
2006375,msmarco_doc_49_1476504329,0,0
2036182,msmarco_doc_04_1106728497,0,0
2025747,msmarco_doc_39_1600593589,0,0
1122767,msmarco_doc_24_429545318,0,0
1107704,msmarco_doc_01_548195966,0,0
2037609,msmarco_doc_51_885564476,0,0
2037609,msmarco_doc_51_132918740,0,0
2026558,msmarco_doc_13_773956697,0,0
2006375,msmarco_doc_59_502163153,0,0
2000719,msmarco_doc_20_1453174393,0,0
2037609,msmarco_doc_15_845414722,0,0
2006375,msmarco_doc_44_62319745,0,0
2000719,msmarco_doc_43_1406224395,0,0
2006375,msmarco_doc_53_1550568476,0,0
2026558,msmarco_doc_06_1921796944,0,0
2000719,msmarco_doc_33_1182359961,0,0
2026558,msmarco_doc_32_1232848290,0,0
2013306,msmarco_doc_51_717102903,0,0
2037609,msmarco_doc_46_575661356,0,0
2026558,msmarco_doc_59_504885800,0,0
2037609,msmarco_doc_31_630868493,0,0
2006375,msmarco_doc_12_998016614,0,0
2036182,msmarco_doc_35_264937411,0,0
911232,msmarco_doc_03_501644414,0,0
2025747,msmarco_doc_02_475836438,0,0
833860,msmarco_doc_06_500033983,0,Q0
2025747,msmarco_doc_05_563072153,0,0
2000511,msmarco_doc_31_664048305,0,0
2037609,msmarco_doc_27_1588157400,0,0
2006375,msmarco_doc_41_1825598645,0,0
2025747,msmarco_doc_22_651186654,0,0
2025747,msmarco_doc_56_1397291532,0,0
2006375,msmarco_doc_33_413251248,0,0
2025747,msmarco_doc_21_1094385252,0,0
2026558,msmarco_doc_14_1410787696,0,0
2029260,msmarco_doc_49_1328299002,0,0
2029260,msmarco_doc_42_1488197136,0,0
2006375,msmarco_doc_24_1310463058,0,0
2026558,msmarco_doc_48_1410684401,0,0
2026558,msmarco_doc_53_69839336,0,0
2025747,msmarco_doc_22_639575519,0,0
2006375,msmarco_doc_06_675356328,0,0
2026558,msmarco_doc_09_64441804,0,0
2025747,msmarco_doc_30_1848679334,0,0
2026558,msmarco_doc_56_952569654,0,0
2000719,msmarco_doc_26_1598026442,0,0
2025747,msmarco_doc_41_383414323,0,0
2000719,msmarco_doc_59_497778356,0,0
2037609,msmarco_doc_51_1089349673,0,0
2037609,msmarco_doc_04_1130657652,0,0
2026558,msmarco_doc_40_120028866,0,0
2037609,msmarco_doc_59_525880393,0,0
2037609,msmarco_doc_22_1024929616,0,0
2029260,msmarco_doc_52_478353114,0,0
2029260,msmarco_doc_59_462374316,0,0
629937,msmarco_doc_19_1989579314,0,0
2006375,msmarco_doc_08_673038690,0,0
87181,msmarco_doc_17_2352863525,0,Q0
2025747,msmarco_doc_22_628621684,0,0
2026558,msmarco_doc_35_1222664725,0,0
2029260,msmarco_doc_44_1452949525,0,0
2000719,msmarco_doc_28_802688701,0,0
2037609,msmarco_doc_22_313785324,0,0
2037609,msmarco_doc_42_1226062721,0,0
2000719,msmarco_doc_23_84224361,0,0
2026558,msmarco_doc_22_643556932,0,0
2006375,msmarco_doc_13_1033018888,0,0
1133167,msmarco_doc_06_1870244335,0,Q0
2037609,msmarco_doc_53_525632305,0,0
2037609,msmarco_doc_13_947016724,0,0
2006375,msmarco_doc_47_1407568146,0,0
47923,msmarco_doc_04_24432533,0,Q0
30611,msmarco_doc_33_250011557,0,0
2037609,msmarco_doc_46_574303209,0,0
2029260,msmarco_doc_10_1617208571,0,0
2037609,msmarco_doc_00_142335464,0,0
2025747,msmarco_doc_55_703542942,0,0
2025747,msmarco_doc_28_723877864,0,0
2026558,msmarco_doc_53_85742113,0,0
2029260,msmarco_doc_43_617079090,0,0
2000719,msmarco_doc_45_1570680894,0,0
2037609,msmarco_doc_24_668244916,0,0
2025747,msmarco_doc_19_2354177164,0,0
2000719,msmarco_doc_13_1081913238,0,0
2037609,msmarco_doc_51_1326269044,0,0
2029260,msmarco_doc_33_447879669,0,0
2035565,msmarco_doc_15_456780009,0,0
2037609,msmarco_doc_53_269550848,0,0
2037609,msmarco_doc_59_525627847,0,0
2026558,msmarco_doc_15_1927948441,0,0
2000719,msmarco_doc_04_1084619684,0,0
2006375,msmarco_doc_09_86928544,0,0
2029260,msmarco_doc_09_169676494,0,0
2006375,msmarco_doc_47_1309104282,0,0
2029260,msmarco_doc_31_308161613,0,0
2006375,msmarco_doc_24_949203558,0,0
2029260,msmarco_doc_35_1704448388,0,0
2037609,msmarco_doc_59_515063719,0,0
2001908,msmarco_doc_22_1421636829,0,0
2037609,msmarco_doc_22_1832691127,0,0
2006375,msmarco_doc_23_1344517934,0,0
2040352,msmarco_doc_20_1394592883,0,0
2029260,msmarco_doc_59_571116865,0,0
2000719,msmarco_doc_49_1806234197,0,0
2025747,msmarco_doc_59_522375472,0,0
2006375,msmarco_doc_21_796378505,0,0
2006375,msmarco_doc_10_830993909,0,0
2037609,msmarco_doc_37_457099740,0,0
2037609,msmarco_doc_09_160304359,0,0
2029260,msmarco_doc_25_669062653,0,0
2006375,msmarco_doc_55_1571903558,0,0
2026558,msmarco_doc_27_943043911,0,0
2029260,msmarco_doc_29_72426113,0,0
2003976,msmarco_doc_02_1584135658,0,0
2026558,msmarco_doc_46_85207581,0,0
2037609,msmarco_doc_10_507352347,0,0
2029260,msmarco_doc_07_125100818,0,0
2029260,msmarco_doc_59_520469718,0,0
2000719,msmarco_doc_33_1115583277,0,0
2029260,msmarco_doc_53_334466729,0,0
2006375,msmarco_doc_12_1371878848,0,0
2000719,msmarco_doc_42_1208075813,0,0
359349,msmarco_doc_18_4417846489,0,Q0
2037609,msmarco_doc_21_443810726,0,0
2006375,msmarco_doc_12_1318436395,0,0
2026558,msmarco_doc_29_1238347714,0,0
2033470,msmarco_doc_55_1452163580,0,0
2037609,msmarco_doc_22_707090883,0,0
2025747,msmarco_doc_23_994019790,0,0
2000719,msmarco_doc_09_704346776,0,0
2029260,msmarco_doc_40_1028305318,0,0
2006375,msmarco_doc_01_167628516,0,0
1064670,msmarco_doc_50_2383290967,0,0
2006375,msmarco_doc_38_772387543,0,0
2006375,msmarco_doc_59_11486124,0,0
818583,msmarco_doc_44_1835372195,0,0
2000719,msmarco_doc_34_834956884,0,0
2026558,msmarco_doc_27_717205986,0,0
2025747,msmarco_doc_32_810522784,0,0
2036182,msmarco_doc_04_1101882563,0,0
2025747,msmarco_doc_56_1587070204,0,0
1116380,msmarco_doc_03_1755070342,0,0
2025747,msmarco_doc_35_1697446033,0,0
2025747,msmarco_doc_14_1692399706,0,0
2006394,msmarco_doc_35_420608871,0,0
2037609,msmarco_doc_38_643050148,0,0
2026558,msmarco_doc_55_1559875183,0,0
2006375,msmarco_doc_08_1186187700,0,0
2037609,msmarco_doc_40_867989650,0,0
2026558,msmarco_doc_33_977653431,0,0
2006375,msmarco_doc_53_419749693,0,0
2025747,msmarco_doc_26_637954749,0,0
2054355,msmarco_doc_45_105973108,0,0
2029260,msmarco_doc_35_1645787508,0,0
2002533,msmarco_doc_22_376124385,0,0
2026150,msmarco_doc_50_2556882695,0,0
952284,msmarco_doc_33_1569917828,0,0
2026558,msmarco_doc_30_1303947494,0,0
2029260,msmarco_doc_32_1500788696,0,0
2006375,msmarco_doc_00_1136692883,0,0
2006375,msmarco_doc_55_1309799052,0,0
336901,msmarco_doc_07_105494476,0,0
2026558,msmarco_doc_35_1700000569,0,0
2037609,msmarco_doc_59_497373996,0,0
2006375,msmarco_doc_20_1605195338,0,0
1105792,msmarco_doc_09_1629213673,0,0
2029260,msmarco_doc_11_1246949049,0,0
2000719,msmarco_doc_30_388983478,0,0
2026558,msmarco_doc_53_716214239,0,0
2026558,msmarco_doc_08_1308104609,0,0
2025747,msmarco_doc_41_752014223,0,0
2037609,msmarco_doc_15_1026070912,0,0
2000719,msmarco_doc_46_737898799,0,0
2029260,msmarco_doc_47_1350162971,0,0
2025747,msmarco_doc_49_1795901544,0,0
2006375,msmarco_doc_51_1453636079,0,0
2036182,msmarco_doc_35_230468659,0,0
2000719,msmarco_doc_37_207806978,0,0
2037609,msmarco_doc_59_697047185,0,0
2029260,msmarco_doc_44_358255180,0,0
2025747,msmarco_doc_14_1211183188,0,0
2000719,msmarco_doc_08_1099925238,0,0
2026558,msmarco_doc_03_1061429780,0,0
2029260,msmarco_doc_03_1061335566,0,0
2029260,msmarco_doc_36_697332881,0,0
2025747,msmarco_doc_42_262287332,0,0
2026558,msmarco_doc_22_585925151,0,0
2006375,msmarco_doc_00_91317575,0,0
2025747,msmarco_doc_29_77616748,0,0
2037609,msmarco_doc_21_694468986,0,0
2006375,msmarco_doc_36_1488206413,0,0
2025747,msmarco_doc_31_997379406,0,0
2037609,msmarco_doc_43_1341959856,0,0
2025747,msmarco_doc_30_1846960115,0,0
2000719,msmarco_doc_29_79257437,0,0
2029260,msmarco_doc_27_719401333,0,0
2037609,msmarco_doc_07_846214268,0,0
2000719,msmarco_doc_46_217156771,0,0
2029260,msmarco_doc_12_1939583398,0,0
2037609,msmarco_doc_56_724763928,0,0
2026558,msmarco_doc_31_1809442712,0,0
2002533,msmarco_doc_22_369945691,0,0
2029260,msmarco_doc_35_1461329319,0,0
2029260,msmarco_doc_14_706598007,0,0
2000719,msmarco_doc_44_1761726630,0,0
2029260,msmarco_doc_08_1227066598,0,0
2025747,msmarco_doc_00_251802819,0,0
2026558,msmarco_doc_29_348558251,0,0
2037609,msmarco_doc_14_71484374,0,0
2029260,msmarco_doc_47_701923051,0,0
2037609,msmarco_doc_04_1225884460,0,0
2000719,msmarco_doc_21_790583875,0,0
2029260,msmarco_doc_29_78546487,0,0
2037609,msmarco_doc_00_254591657,0,0
2006375,msmarco_doc_38_1305989833,0,0
2032956,msmarco_doc_40_1187268088,0,0
2006375,msmarco_doc_56_1674528984,0,0
2026558,msmarco_doc_00_1494840143,0,0
2029260,msmarco_doc_51_1100679813,0,0
2026558,msmarco_doc_59_522482521,0,0
2026558,msmarco_doc_12_1729236887,0,0
2006375,msmarco_doc_24_832969336,0,0
2029260,msmarco_doc_15_848024862,0,0
2000511,msmarco_doc_31_643287946,0,0
2006375,msmarco_doc_53_514719020,0,0
2006375,msmarco_doc_22_943812674,0,0
2026558,msmarco_doc_31_630004966,0,0
2026558,msmarco_doc_37_1415929493,0,0
2000719,msmarco_doc_45_984355181,0,0
2026558,msmarco_doc_36_880005716,0,0
2026558,msmarco_doc_01_1770262903,0,0
2037609,msmarco_doc_33_903620058,0,0
2036182,msmarco_doc_37_979450328,0,0
2025747,msmarco_doc_44_34751155,0,0
2026558,msmarco_doc_42_502346542,0,0
2049417,msmarco_doc_55_483382724,0,0
2006375,msmarco_doc_39_428835740,0,0
2026558,msmarco_doc_32_1681041857,0,0
2034676,msmarco_doc_18_1134526406,0,0
2026558,msmarco_doc_13_1311587994,0,0
2000719,msmarco_doc_11_808732166,0,0
2006375,msmarco_doc_06_1716179578,0,0
2029260,msmarco_doc_37_33115468,0,0
2037609,msmarco_doc_43_849531196,0,0
2026558,msmarco_doc_40_1403949514,0,0
2034205,msmarco_doc_34_494334597,0,0
2013306,msmarco_doc_37_1107357323,0,0
2006375,msmarco_doc_47_1407042359,0,0
2031726,msmarco_doc_30_1850263968,1,0
1106007,msmarco_doc_27_75611140,1,Q0
2031726,msmarco_doc_20_1708918062,1,0
935353,msmarco_doc_02_1725534566,1,0
2031726,msmarco_doc_02_363822537,1,0
2031726,msmarco_doc_53_1465581599,1,0
2025747,msmarco_doc_43_610324091,1,0
2031726,msmarco_doc_03_1071959547,1,0
2031726,msmarco_doc_40_832859338,1,0
2031726,msmarco_doc_43_849432923,1,0
2031726,msmarco_doc_25_685299987,1,0
2031726,msmarco_doc_13_1060107998,1,0
2031726,msmarco_doc_34_1610167488,1,0
1106007,msmarco_doc_04_279559921,1,Q0
1113361,msmarco_doc_24_1366573524,1,0
2031726,msmarco_doc_33_1017242493,1,0
2031726,msmarco_doc_19_1823361316,1,0
2031726,msmarco_doc_09_160391261,1,0
1063750,msmarco_doc_04_660583991,1,Q0
2031726,msmarco_doc_25_469461442,1,0
2026150,msmarco_doc_47_1163555316,1,0
1006728,msmarco_doc_21_709073039,1,0
2031726,msmarco_doc_14_799216313,1,0
2031726,msmarco_doc_15_928882049,1,0
2031726,msmarco_doc_22_698518496,1,0
47923,msmarco_doc_00_1650552396,1,Q0
1063750,msmarco_doc_26_1937275153,1,Q0
2031726,msmarco_doc_42_263205189,1,0
2031726,msmarco_doc_14_1123963190,1,0
2031726,msmarco_doc_40_1728308460,1,0
2031726,msmarco_doc_45_1086464496,1,0
237669,msmarco_doc_07_415251722,1,0
2031726,msmarco_doc_38_1449609940,1,0
1117099,msmarco_doc_07_814667211,1,Q0
2027497,msmarco_doc_33_1165530604,1,0
2031726,msmarco_doc_52_1414288737,1,0
421946,msmarco_doc_12_563158684,1,0
2031726,msmarco_doc_55_1628246723,1,0
2031726,msmarco_doc_49_558573133,1,0
2045272,msmarco_doc_43_313535913,1,0
2031726,msmarco_doc_37_1614273307,1,0
2031726,msmarco_doc_33_888125602,1,0
2031726,msmarco_doc_57_1433698774,1,0
300986,msmarco_doc_24_1094280561,1,0
2031726,msmarco_doc_16_103420037,1,0
2031726,msmarco_doc_22_1658336425,1,0
2031726,msmarco_doc_32_228044742,1,0
2031726,msmarco_doc_29_75441225,1,0
2031726,msmarco_doc_15_1674090918,1,0
2031726,msmarco_doc_23_230798848,1,0
2031726,msmarco_doc_00_839986067,1,0
2031726,msmarco_doc_59_36704028,1,0
2031726,msmarco_doc_09_99881964,1,0
2031726,msmarco_doc_51_1117476966,1,0
2031726,msmarco_doc_29_82367527,1,0
2036968,msmarco_doc_38_877350328,1,0
2031726,msmarco_doc_20_880768891,1,0
2031726,msmarco_doc_12_384028790,1,0
2031726,msmarco_doc_57_185681364,1,0
2031726,msmarco_doc_59_511151683,1,0
2031726,msmarco_doc_07_1575854625,1,0
2031726,msmarco_doc_52_1352054752,1,0
2031726,msmarco_doc_22_655813175,1,0
615176,msmarco_doc_33_187368092,1,0
1103547,msmarco_doc_00_53727940,1,0
2031726,msmarco_doc_50_751688287,1,0
2031726,msmarco_doc_44_402201658,1,0
2031726,msmarco_doc_32_893091080,1,0
2031726,msmarco_doc_15_388702563,1,0
2031726,msmarco_doc_07_1221634916,1,0
2043895,msmarco_doc_49_1531310242,1,0
2031726,msmarco_doc_59_511638951,1,0
2031726,msmarco_doc_47_747239928,1,0
2031726,msmarco_doc_25_442900660,1,0
2031726,msmarco_doc_16_101307721,1,0
1103547,msmarco_doc_18_2645532571,1,0
2031726,msmarco_doc_59_524843442,1,0
2031726,msmarco_doc_38_1333462704,1,0
112700,msmarco_doc_25_50111642,1,0
2031726,msmarco_doc_41_1763073338,1,0
2031726,msmarco_doc_40_1046972720,1,0
2031726,msmarco_doc_29_75530331,1,0
2031726,msmarco_doc_59_636253773,1,0
264014,msmarco_doc_37_570580032,1,Q0
2031726,msmarco_doc_55_1647628952,1,0
2031726,msmarco_doc_20_1441605703,1,0
2028378,msmarco_doc_00_1386400389,1,0
2031726,msmarco_doc_35_1695802038,1,0
2031726,msmarco_doc_59_478908238,1,0
364210,msmarco_doc_11_1449751828,1,0
2031726,msmarco_doc_23_178976160,1,0
2031726,msmarco_doc_34_228726248,1,0
2031726,msmarco_doc_40_1341552747,1,0
2031726,msmarco_doc_54_1734160841,1,0
2031726,msmarco_doc_49_1806234197,1,0
1112341,msmarco_doc_55_29237846,1,Q0
2031726,msmarco_doc_38_1541046927,1,0
2031726,msmarco_doc_55_1548870145,1,0
2031726,msmarco_doc_52_874087827,1,0
2031726,msmarco_doc_05_1798148416,1,0
2031726,msmarco_doc_25_161045470,1,0
2031726,msmarco_doc_55_540522382,1,0
2025747,msmarco_doc_43_625661772,1,0
2031726,msmarco_doc_47_1408783331,1,0
2003322,msmarco_doc_51_1135652477,1,0
1110996,msmarco_doc_26_1968285436,1,0
2031726,msmarco_doc_45_282709280,1,0
2031726,msmarco_doc_55_1566950039,1,0
2012431,msmarco_doc_35_1590607788,1,0
2031726,msmarco_doc_45_740608989,1,0
2031726,msmarco_doc_44_782361040,1,0
2031726,msmarco_doc_13_1112275237,1,0
2031726,msmarco_doc_24_1737366463,1,0
2031726,msmarco_doc_02_475836438,1,0
2031726,msmarco_doc_49_612020792,1,0
2031726,msmarco_doc_33_993162577,1,0
2031726,msmarco_doc_36_1645257455,1,0
2031726,msmarco_doc_54_603451884,1,0
2039908,msmarco_doc_32_93112143,1,0
2031726,msmarco_doc_19_1520467970,1,0
2031726,msmarco_doc_22_620550009,1,0
2031726,msmarco_doc_20_1340977808,1,0
2031726,msmarco_doc_31_661903821,1,0
2031726,msmarco_doc_04_1437351516,1,0
2031726,msmarco_doc_51_888180385,1,0
646091,msmarco_doc_01_1902233648,1,0
2034205,msmarco_doc_51_1065653853,1,0
2031726,msmarco_doc_11_340010239,1,0
2031726,msmarco_doc_05_1865576505,1,0
1006728,msmarco_doc_13_780874118,1,0
226975,msmarco_doc_24_206857956,1,0
2039908,msmarco_doc_42_776070245,1,0
2031726,msmarco_doc_25_1650935306,1,0
806694,msmarco_doc_03_32903804,1,0
2031726,msmarco_doc_57_22501530,1,0
2031726,msmarco_doc_56_1080988346,1,0
2031726,msmarco_doc_36_1605116264,1,0
1132532,msmarco_doc_41_649296801,1,0
2031726,msmarco_doc_42_1225098572,1,0
2031726,msmarco_doc_25_113740013,1,0
2025747,msmarco_doc_43_672681558,1,0
2031726,msmarco_doc_16_1141642607,1,0
2038466,msmarco_doc_01_2064068161,1,0
2031726,msmarco_doc_49_701093458,1,0
2031726,msmarco_doc_47_281482171,1,0
2031726,msmarco_doc_14_1075898234,1,0
359349,msmarco_doc_11_1462866388,1,Q0
2031726,msmarco_doc_45_1676414563,1,0
2031726,msmarco_doc_10_1617996220,1,0
2031726,msmarco_doc_37_864976642,1,0
2031726,msmarco_doc_53_832369422,1,0
2031726,msmarco_doc_49_18313958,1,0
2031726,msmarco_doc_55_311087976,1,0
2031726,msmarco_doc_14_1122284853,1,0
2031726,msmarco_doc_04_244330295,1,0
2031726,msmarco_doc_25_157616863,1,0
2031726,msmarco_doc_55_1557230479,1,0
2028378,msmarco_doc_23_337895353,1,0
2031726,msmarco_doc_59_503192765,1,0
2031726,msmarco_doc_40_1342142988,1,0
2031726,msmarco_doc_59_578623333,1,0
2031726,msmarco_doc_59_462374316,1,0
2031726,msmarco_doc_10_1620670881,1,0
2031726,msmarco_doc_36_651954516,1,0
2031726,msmarco_doc_36_1564322499,1,0
2031726,msmarco_doc_04_298911808,1,0
2031726,msmarco_doc_33_1338974029,1,0
2026150,msmarco_doc_56_1790379674,1,0
2038466,msmarco_doc_06_1523499015,1,0
2031726,msmarco_doc_36_949086817,1,0
1107821,msmarco_doc_18_2438012755,1,0
681645,msmarco_doc_19_2322555177,1,0
2031726,msmarco_doc_22_1024929616,1,0
2031726,msmarco_doc_57_224881803,1,0
2029260,msmarco_doc_12_1278049991,1,0
2031726,msmarco_doc_26_626629927,1,0
2031726,msmarco_doc_24_1887823121,1,0
2027497,msmarco_doc_57_1426578625,1,0
451602,msmarco_doc_10_723508178,1,Q0
2031726,msmarco_doc_50_2658755487,1,0
2031726,msmarco_doc_24_1729177952,1,0
2031726,msmarco_doc_19_2335151110,1,0
2031726,msmarco_doc_43_764345479,1,0
2031726,msmarco_doc_40_1341383481,1,0
2031726,msmarco_doc_16_1149432014,1,0
2031726,msmarco_doc_29_803055513,1,0
2031726,msmarco_doc_59_596600659,1,0
2031726,msmarco_doc_01_1627587920,1,0
2031726,msmarco_doc_51_434918192,1,0
2031726,msmarco_doc_26_756458931,1,0
2031726,msmarco_doc_20_847032641,1,0
2031726,msmarco_doc_03_642857210,1,0
2031726,msmarco_doc_56_738444979,1,0
2031726,msmarco_doc_22_1374378579,1,0
2031726,msmarco_doc_10_183638842,1,0
2031726,msmarco_doc_07_718185715,1,0
2031726,msmarco_doc_57_712939146,1,0
2031726,msmarco_doc_22_1157033487,1,0
330975,msmarco_doc_06_948488087,1,0
2031726,msmarco_doc_33_1239821453,1,0
2031726,msmarco_doc_29_330684210,1,0
2009553,msmarco_doc_58_1409655511,1,0
2031726,msmarco_doc_47_1406781490,1,0
1103547,msmarco_doc_43_1191397647,1,0
2031726,msmarco_doc_01_994058055,1,0
2031726,msmarco_doc_23_1569092259,1,0
2031726,msmarco_doc_54_1753786102,1,0
2031726,msmarco_doc_31_45824106,1,0
2031726,msmarco_doc_00_1172168843,1,0
2031726,msmarco_doc_44_460523699,1,0
832573,msmarco_doc_07_1375747079,1,0
2031726,msmarco_doc_06_169030156,1,0
2025747,msmarco_doc_43_620868284,1,0
2031726,msmarco_doc_53_1258825931,1,0
2031726,msmarco_doc_16_1149530385,1,0
2056323,msmarco_doc_49_1831612689,1,0
2031726,msmarco_doc_52_1192086007,1,0
2031726,msmarco_doc_36_953909710,1,0
2031726,msmarco_doc_41_1788444939,1,0
2031726,msmarco_doc_12_820276492,1,0
2031726,msmarco_doc_39_1388412086,1,0
2031726,msmarco_doc_58_1624690532,1,0
2012431,msmarco_doc_38_1385574523,1,0
2031726,msmarco_doc_03_840991939,1,0
2031726,msmarco_doc_33_889071192,1,0
673670,msmarco_doc_08_484581335,1,0
2031726,msmarco_doc_59_524215762,1,0
2031726,msmarco_doc_39_17733476,1,0
2031726,msmarco_doc_00_1403430288,1,0
2031726,msmarco_doc_46_1362313298,1,0
2031726,msmarco_doc_51_487570568,1,0
2031726,msmarco_doc_33_161299803,1,0
2031726,msmarco_doc_47_1273241625,1,0
2031726,msmarco_doc_22_638947141,1,0
2031726,msmarco_doc_59_568075607,1,0
2004237,msmarco_doc_54_319530241,1,0
2031726,msmarco_doc_59_505777157,1,0
2055795,msmarco_doc_20_470782554,1,0
1006728,msmarco_doc_28_1041014786,1,0
2031726,msmarco_doc_06_1575822165,1,0
2031726,msmarco_doc_26_1937638888,1,0
2031726,msmarco_doc_15_956459864,1,0
2031726,msmarco_doc_16_83394541,1,0
2031726,msmarco_doc_39_958180558,1,0
2031726,msmarco_doc_32_1182889849,1,0
2031726,msmarco_doc_35_586414029,1,0
2031726,msmarco_doc_24_477740084,1,0
2025747,msmarco_doc_43_673842864,1,0
2031726,msmarco_doc_36_209191679,1,0
2031726,msmarco_doc_38_768128473,1,0
2013306,msmarco_doc_57_1044822028,2,0
2013306,msmarco_doc_10_227460469,2,0
2013306,msmarco_doc_59_512203161,2,0
2013306,msmarco_doc_22_584174455,2,0
2013306,msmarco_doc_56_1260241321,2,0
2013306,msmarco_doc_03_980031030,2,0
2013306,msmarco_doc_04_1296058266,2,0
2013306,msmarco_doc_30_903462148,2,0
2013306,msmarco_doc_48_1013039675,2,0
2013306,msmarco_doc_27_1254358524,2,0
2013306,msmarco_doc_06_1705723907,2,0
2013306,msmarco_doc_34_1103327166,2,0
2013306,msmarco_doc_17_3644180692,2,0
2013306,msmarco_doc_59_524496556,2,0
661905,msmarco_doc_21_628970719,2,0
2013306,msmarco_doc_33_668498626,2,0
2013306,msmarco_doc_59_292951580,2,0
2013306,msmarco_doc_03_1043128495,2,0
2013306,msmarco_doc_06_990433098,2,0
2013306,msmarco_doc_30_1901495158,2,0
2013306,msmarco_doc_11_175987662,2,0
1118716,msmarco_doc_28_271222978,2,0
112700,msmarco_doc_57_1096696176,2,0
2013306,msmarco_doc_58_1386716630,2,0
2013306,msmarco_doc_24_41673224,2,0
2013306,msmarco_doc_06_368235341,2,0
2013306,msmarco_doc_35_1374892818,2,0
2013306,msmarco_doc_42_776616097,2,0
2013306,msmarco_doc_33_1617837598,2,0
2013306,msmarco_doc_13_361063400,2,0
2013306,msmarco_doc_15_1328758538,2,0
2013306,msmarco_doc_00_189281047,2,0
2013306,msmarco_doc_21_273874863,2,0
2013306,msmarco_doc_59_512686653,2,0
2013306,msmarco_doc_48_1522273937,2,0
2013306,msmarco_doc_35_1700856310,2,0
2013306,msmarco_doc_45_1686467048,2,0
2013306,msmarco_doc_16_1142023405,2,0
2013306,msmarco_doc_55_311613328,2,0
2013306,msmarco_doc_34_1192155773,2,0
2013306,msmarco_doc_51_1020142707,2,0
2013306,msmarco_doc_03_1416129913,2,0
2013306,msmarco_doc_37_853412285,2,0
2013306,msmarco_doc_36_75813615,2,0
2013306,msmarco_doc_59_576785169,2,0
2013306,msmarco_doc_41_536881991,2,0
2013306,msmarco_doc_32_810645218,2,0
2013306,msmarco_doc_26_621922398,2,0
2013306,msmarco_doc_57_1062587191,2,0
2013306,msmarco_doc_35_1230731229,2,0
2013306,msmarco_doc_24_1381666665,2,0
2013306,msmarco_doc_31_587260151,2,0
2013306,msmarco_doc_41_1762722903,2,0
2013306,msmarco_doc_34_1532923985,2,0
1063750,msmarco_doc_26_1627157734,2,Q0
2013306,msmarco_doc_41_293448326,2,0
2013306,msmarco_doc_23_40431439,2,0
2013306,msmarco_doc_15_1493398550,2,0
540006,msmarco_doc_03_1312220580,2,0
764738,msmarco_doc_42_758396283,2,0
2012536,msmarco_doc_32_1077180044,2,0
2013306,msmarco_doc_33_295287662,2,0
2013306,msmarco_doc_35_1450663223,2,0
1006728,msmarco_doc_02_629301798,2,0
2013306,msmarco_doc_35_1356606677,2,0
2013306,msmarco_doc_53_1420856550,2,0
2013306,msmarco_doc_28_322362908,2,0
2013306,msmarco_doc_15_1821130639,2,0
2013306,msmarco_doc_13_1173575543,2,0
2013306,msmarco_doc_46_635403116,2,0
2013306,msmarco_doc_04_1250588475,2,0
2013306,msmarco_doc_59_501840777,2,0
2013306,msmarco_doc_06_581700231,2,0
2013306,msmarco_doc_02_1307448080,2,0
2013306,msmarco_doc_23_998250791,2,0
2013306,msmarco_doc_55_1563086163,2,0
2013306,msmarco_doc_57_74624818,2,0
2030323,msmarco_doc_23_297714704,2,0
2013306,msmarco_doc_13_222753039,2,0
2027497,msmarco_doc_48_1767025509,2,0
364210,msmarco_doc_48_1483415,2,0
2028378,msmarco_doc_53_647619126,2,0
2013306,msmarco_doc_30_818945444,2,0
2013306,msmarco_doc_00_870700857,2,0
2013306,msmarco_doc_08_552854720,2,0
2013306,msmarco_doc_43_1498857692,2,0
2013306,msmarco_doc_40_497592518,2,0
2013306,msmarco_doc_53_380096646,2,0
2013306,msmarco_doc_36_705551788,2,0
2013306,msmarco_doc_05_1671009278,2,0
2013306,msmarco_doc_50_2657901593,2,0
2013306,msmarco_doc_38_1338272862,2,0
2013306,msmarco_doc_13_1059607397,2,0
2013306,msmarco_doc_59_477521504,2,0
2013306,msmarco_doc_22_1202768327,2,0
2013306,msmarco_doc_36_1561715662,2,0
2013306,msmarco_doc_37_817838781,2,0
2046371,msmarco_doc_09_351281325,2,0
2013306,msmarco_doc_03_1538370019,2,0
2013306,msmarco_doc_08_611882351,2,0
2013306,msmarco_doc_00_1139642046,2,0
2013306,msmarco_doc_46_810505653,2,0
2013306,msmarco_doc_33_779811004,2,0
2013306,msmarco_doc_53_686854041,2,0
2055211,msmarco_doc_33_644232757,2,0
2013306,msmarco_doc_11_902586553,2,0
2013306,msmarco_doc_41_1763600378,2,0
2013306,msmarco_doc_57_1348749106,2,0
2013306,msmarco_doc_26_65259646,2,0
2013306,msmarco_doc_29_328866965,2,0
2053884,msmarco_doc_01_1775971650,2,0
2013306,msmarco_doc_01_621948153,2,0
2013306,msmarco_doc_11_944399767,2,0
2013306,msmarco_doc_48_983750318,2,0
2013306,msmarco_doc_01_1858358097,2,0
2002269,msmarco_doc_49_1112248328,2,0
2013306,msmarco_doc_42_1229254065,2,0
2013306,msmarco_doc_53_688149129,2,0
2000719,msmarco_doc_28_825131071,2,0
2013306,msmarco_doc_11_345809068,2,0
2013306,msmarco_doc_31_629881842,2,0
2013306,msmarco_doc_52_1811118470,2,0
2013306,msmarco_doc_33_662870046,2,0
2013306,msmarco_doc_10_333941703,2,0
646091,msmarco_doc_44_150662556,2,0
2013306,msmarco_doc_05_565103064,2,0
2013306,msmarco_doc_55_1555612443,2,0
1104447,msmarco_doc_55_585742225,2,0
2013306,msmarco_doc_40_1356700824,2,0
2013306,msmarco_doc_29_79137878,2,0
1110996,msmarco_doc_18_3691044415,2,0
2002798,msmarco_doc_15_1870463278,2,0
596569,msmarco_doc_03_32406484,2,0
2013306,msmarco_doc_31_551166006,2,0
2013306,msmarco_doc_15_165809869,2,0
2005810,msmarco_doc_10_71367617,2,0
2013306,msmarco_doc_55_387034672,2,0
168329,msmarco_doc_15_434247104,2,0
2013306,msmarco_doc_11_1028681874,2,0
2013306,msmarco_doc_22_619451788,2,0
2013306,msmarco_doc_04_1437334210,2,0
2013306,msmarco_doc_34_1347150986,2,0
2013306,msmarco_doc_28_1658066809,2,0
2013306,msmarco_doc_04_476897456,2,0
2013306,msmarco_doc_40_841356438,2,0
2001908,msmarco_doc_30_125897276,2,0
2013306,msmarco_doc_38_610543845,2,0
2013306,msmarco_doc_07_1225940452,2,0
2013306,msmarco_doc_57_923943179,2,0
2013306,msmarco_doc_57_692417763,2,0
2013306,msmarco_doc_48_588102374,2,0
2013306,msmarco_doc_09_1775192728,2,0
2013306,msmarco_doc_59_741335253,2,0
2013306,msmarco_doc_59_511801328,2,0
2013306,msmarco_doc_59_520120475,2,0
2013306,msmarco_doc_32_275171188,2,0
2013306,msmarco_doc_44_272344133,2,0
2013306,msmarco_doc_55_1623025960,2,0
2013306,msmarco_doc_59_515302484,2,0
2013306,msmarco_doc_22_1523203837,2,0
2013306,msmarco_doc_46_469074733,2,0
2013306,msmarco_doc_09_160166266,2,0
2013306,msmarco_doc_30_1165786921,2,0
2013306,msmarco_doc_46_537415967,2,0
2013306,msmarco_doc_27_394468302,2,0
1110996,msmarco_doc_14_1268319553,2,0
2013306,msmarco_doc_33_924994608,2,0
2037924,msmarco_doc_49_1348937538,2,0
2013306,msmarco_doc_59_514052245,2,0
2013306,msmarco_doc_51_1482926678,2,0
2013306,msmarco_doc_26_638028343,2,0
2013306,msmarco_doc_11_131203299,2,0
2013306,msmarco_doc_25_957510722,2,0
2013306,msmarco_doc_59_501890059,2,0
2013306,msmarco_doc_55_1553446573,2,0
975079,msmarco_doc_16_3001423500,2,0
2013306,msmarco_doc_55_1553350336,2,0
2013306,msmarco_doc_07_1534372330,2,0
2013306,msmarco_doc_16_1717064928,2,0
2013306,msmarco_doc_35_699227916,2,0
2013306,msmarco_doc_26_625969763,2,0
2013306,msmarco_doc_56_722881812,2,0
2031726,msmarco_doc_55_1313289728,2,0
2043895,msmarco_doc_36_680954254,2,0
2013306,msmarco_doc_22_594765931,2,0
2013306,msmarco_doc_41_1958032666,2,0
2013306,msmarco_doc_13_1117247062,2,0
2013306,msmarco_doc_00_1139653899,2,0
2013306,msmarco_doc_14_1125003385,2,0
2055795,msmarco_doc_19_1915319634,2,0
2013306,msmarco_doc_40_396533001,2,0
2013306,msmarco_doc_59_505434817,2,0
2013306,msmarco_doc_23_666161473,2,0
2013306,msmarco_doc_57_1224096196,2,0
2013306,msmarco_doc_25_381939679,2,0
2013306,msmarco_doc_03_568981489,2,0
2013306,msmarco_doc_33_1197142111,2,0
2013306,msmarco_doc_36_32785791,2,0
2013306,msmarco_doc_30_274288738,2,0
2013306,msmarco_doc_59_512166637,2,0
2013306,msmarco_doc_58_1386161316,2,0
2013306,msmarco_doc_49_1476504329,2,0
2013306,msmarco_doc_35_147925406,2,0
2013306,msmarco_doc_22_649054928,2,0
2013306,msmarco_doc_22_638079741,2,0
2013306,msmarco_doc_58_1568861663,2,0
2013306,msmarco_doc_41_1763514238,2,0
2013306,msmarco_doc_37_307253619,2,0
2013306,msmarco_doc_32_479331342,2,0
2013306,msmarco_doc_36_79205888,2,0
2013306,msmarco_doc_47_847293801,2,0
2013306,msmarco_doc_31_205866643,2,0
2013306,msmarco_doc_40_509106035,2,0
2013306,msmarco_doc_04_1511377070,2,0
2013306,msmarco_doc_06_1436387850,2,0
2013306,msmarco_doc_25_1709389030,2,0
2013306,msmarco_doc_10_1619454004,2,0
2013306,msmarco_doc_33_898050005,2,0
2013306,msmarco_doc_32_553622571,2,0
2013306,msmarco_doc_35_1699399407,2,0
2013306,msmarco_doc_12_61503430,2,0
2013306,msmarco_doc_36_524114743,2,0
2013306,msmarco_doc_25_1759076625,2,0
2013306,msmarco_doc_59_502772509,2,0
2013306,msmarco_doc_52_1245998588,2,0
2013306,msmarco_doc_32_1011455980,2,0
2013306,msmarco_doc_35_58683852,2,0
2013306,msmarco_doc_30_744502476,2,0
2013306,msmarco_doc_31_631477525,2,0
2013306,msmarco_doc_57_914783082,2,0
2013306,msmarco_doc_06_379510396,2,0
2013306,msmarco_doc_59_507024809,2,0
2013306,msmarco_doc_30_590065717,2,0
2013306,msmarco_doc_42_500913444,2,0
2013306,msmarco_doc_59_524029094,2,0
2013306,msmarco_doc_38_795030673,2,0
2013306,msmarco_doc_15_1326305031,2,0
2013306,msmarco_doc_33_253063853,2,0
2013306,msmarco_doc_10_1618515068,2,0
2013306,msmarco_doc_47_496462764,2,0
2013306,msmarco_doc_59_518062159,2,0
2013306,msmarco_doc_10_1614592760,2,0
1104300,msmarco_doc_59_700546524,2,0
2013306,msmarco_doc_32_1720257528,2,0
2013306,msmarco_doc_09_960876220,2,0
2013306,msmarco_doc_38_521695423,2,0
2013306,msmarco_doc_29_55235753,2,0
2013306,msmarco_doc_17_1082299455,2,0
2013306,msmarco_doc_56_1080998524,2,0
2013306,msmarco_doc_13_1107534788,2,0
975079,msmarco_doc_34_1775464476,3,0
505390,msmarco_doc_46_678259999,3,0
47210,msmarco_doc_57_1213042576,3,0
2082,msmarco_doc_47_1299419875,3,0
30611,msmarco_doc_43_365857636,3,0
952262,msmarco_doc_37_614314655,3,0
451602,msmarco_doc_09_814854178,3,Q0
1131069,msmarco_doc_09_1296190591,3,0
2001975,msmarco_doc_12_414349338,3,0
1110996,msmarco_doc_19_1052748911,3,0
952262,msmarco_doc_08_982925671,3,0
596569,msmarco_doc_13_1522870624,3,0
1136962,msmarco_doc_50_1694636314,3,0
1115776,msmarco_doc_07_555930165,3,Q0
832573,msmarco_doc_04_1031355575,3,0
952262,msmarco_doc_31_852231274,3,0
2006375,msmarco_doc_46_574935482,3,0
508292,msmarco_doc_10_29991548,3,0
183378,msmarco_doc_34_1549481467,3,Q0
952262,msmarco_doc_04_530592575,3,0
2003976,msmarco_doc_42_863639135,3,0
2001532,msmarco_doc_03_1297755539,3,0
952262,msmarco_doc_46_1164442055,3,0
1117099,msmarco_doc_34_1757619253,3,Q0
1113361,msmarco_doc_01_1761933130,3,0
148538,msmarco_doc_11_1452677214,3,Q0
1104447,msmarco_doc_02_1423094014,3,0
2027130,msmarco_doc_48_1380081304,3,0
1114819,msmarco_doc_17_400112320,3,Q0
1132532,msmarco_doc_07_1294792122,3,0
1104447,msmarco_doc_14_1321357733,3,0
2039908,msmarco_doc_27_797552103,3,0
395948,msmarco_doc_22_986164594,3,0
1112341,msmarco_doc_09_1238884997,3,Q0
2028378,msmarco_doc_14_1004429576,3,0
688007,msmarco_doc_03_166279713,3,0
183378,msmarco_doc_57_133858086,3,Q0
845121,msmarco_doc_09_929360691,3,0
2012431,msmarco_doc_24_478569012,3,0
2012431,msmarco_doc_38_1299884096,3,0
47210,msmarco_doc_03_780056169,3,0
1110996,msmarco_doc_34_961607238,3,0
596569,msmarco_doc_24_344046516,3,0
2003976,msmarco_doc_14_1043454368,3,0
2046371,msmarco_doc_50_2212228081,3,0
30611,msmarco_doc_11_134359901,3,0
935964,msmarco_doc_13_1412732509,3,0
2029260,msmarco_doc_31_213443537,3,0
1104300,msmarco_doc_45_663423209,3,0
30611,msmarco_doc_58_1124995884,3,0
1051399,msmarco_doc_17_2702259327,3,0
47210,msmarco_doc_11_1477009531,3,0
646091,msmarco_doc_32_297326257,3,0
2027130,msmarco_doc_49_467406563,3,0
30611,msmarco_doc_19_637026485,3,0
2005861,msmarco_doc_33_1472613234,3,0
183378,msmarco_doc_08_1032410819,3,Q0
2043895,msmarco_doc_50_691355034,3,0
493490,msmarco_doc_57_1126791667,3,0
2009871,msmarco_doc_39_662425529,3,0
2032949,msmarco_doc_46_583049534,3,0
527433,msmarco_doc_56_1605863883,3,Q0
30611,msmarco_doc_56_92641930,3,0
2003157,msmarco_doc_09_1104797359,3,0
1104300,msmarco_doc_21_45663601,3,0
148538,msmarco_doc_28_1839465838,3,Q0
207786,msmarco_doc_03_1561666851,3,Q0
2040352,msmarco_doc_40_1252576254,3,0
1112341,msmarco_doc_04_633021044,3,Q0
2004237,msmarco_doc_42_322459423,3,0
2082,msmarco_doc_34_490363692,3,0
2033470,msmarco_doc_37_27984195,3,0
2006375,msmarco_doc_57_1926828283,3,0
1114819,msmarco_doc_52_1777223222,3,Q0
183378,msmarco_doc_03_587738503,3,Q0
2027130,msmarco_doc_13_1151932586,3,0
845121,msmarco_doc_08_998617203,3,0
1131069,msmarco_doc_34_1491088549,3,0
2028378,msmarco_doc_07_1058672368,3,0
1104447,msmarco_doc_24_1341038734,3,0
30611,msmarco_doc_04_45858176,3,0
2040352,msmarco_doc_31_900696312,3,0
493490,msmarco_doc_14_833590119,3,0
1063750,msmarco_doc_06_1607378725,3,Q0
183378,msmarco_doc_03_230646333,3,Q0
87452,msmarco_doc_08_1444581615,3,Q0
2029260,msmarco_doc_34_466086857,3,0
1104447,msmarco_doc_25_1004176448,3,0
952262,msmarco_doc_30_1597699198,3,0
1110199,msmarco_doc_02_1624990715,3,Q0
1114819,msmarco_doc_46_1010549544,3,Q0
2007419,msmarco_doc_42_1708014689,3,0
596569,msmarco_doc_03_14603015,3,0
596569,msmarco_doc_03_957542785,3,0
845121,msmarco_doc_54_1957491983,3,0
2005861,msmarco_doc_55_803623906,3,0
1117099,msmarco_doc_26_1710806686,3,Q0
2035565,msmarco_doc_01_1640994739,3,0
237669,msmarco_doc_16_864676739,3,0
1132213,msmarco_doc_59_234933203,3,Q0
2027130,msmarco_doc_05_1070009690,3,0
2035565,msmarco_doc_37_1391385004,3,0
673670,msmarco_doc_16_3421212642,3,0
2028378,msmarco_doc_00_1274854712,3,0
527433,msmarco_doc_16_3383006970,3,Q0
2006627,msmarco_doc_36_1331202597,3,0
1122767,msmarco_doc_09_97369858,3,0
300986,msmarco_doc_44_1673667431,3,0
2040352,msmarco_doc_04_1254877594,3,0
183378,msmarco_doc_34_1815936438,3,Q0
1117099,msmarco_doc_16_2139575146,3,Q0
2035565,msmarco_doc_02_251285201,3,0
2006627,msmarco_doc_35_550030384,3,0
2033470,msmarco_doc_43_21452151,3,0
183378,msmarco_doc_09_1332617647,3,Q0
300986,msmarco_doc_44_743862177,3,0
2082,msmarco_doc_07_1346567776,3,0
505390,msmarco_doc_01_116610235,3,0
2082,msmarco_doc_42_1864729694,3,0
2033470,msmarco_doc_36_708624171,3,0
2027130,msmarco_doc_14_224370705,3,0
2046371,msmarco_doc_02_476901310,3,0
1113361,msmarco_doc_28_1822934141,3,0
845121,msmarco_doc_56_1010816044,3,0
2032949,msmarco_doc_46_585295075,3,0
2049687,msmarco_doc_46_1373620634,3,0
490595,msmarco_doc_18_1965568736,3,Q0
2027130,msmarco_doc_12_1927598988,3,0
2082,msmarco_doc_34_207911851,3,0
2009871,msmarco_doc_17_2077439163,3,0
168329,msmarco_doc_00_662190783,3,0
183378,msmarco_doc_04_1243734478,3,Q0
2037609,msmarco_doc_54_1408858300,3,0
1104300,msmarco_doc_36_677309474,3,0
952262,msmarco_doc_00_282349657,3,0
2009871,msmarco_doc_58_1632988843,3,0
952262,msmarco_doc_24_1065272039,3,0
2007419,msmarco_doc_18_4145459814,3,0
596569,msmarco_doc_31_1398392661,3,0
183378,msmarco_doc_09_1337475538,3,Q0
2006375,msmarco_doc_53_445908708,3,0
2039908,msmarco_doc_02_656565714,3,0
2012431,msmarco_doc_38_906244366,3,0
30611,msmarco_doc_58_1477660036,3,0
596569,msmarco_doc_12_1915795400,3,0
2040352,msmarco_doc_31_901103542,3,0
168329,msmarco_doc_04_648957865,3,0
1117099,msmarco_doc_16_2153607335,3,Q0
2003322,msmarco_doc_27_474244165,3,0
1113361,msmarco_doc_53_550008920,3,0
364210,msmarco_doc_11_846392738,3,0
673670,msmarco_doc_36_1368853868,3,0
2025747,msmarco_doc_29_102656947,3,0
168329,msmarco_doc_04_882915111,3,0
174463,msmarco_doc_03_932347446,3,0
1104447,msmarco_doc_02_696111944,3,0
952262,msmarco_doc_33_1216761829,3,0
112700,msmarco_doc_07_1568750984,3,0
2037251,msmarco_doc_18_549231472,3,0
87452,msmarco_doc_24_1345808966,3,Q0
2033470,msmarco_doc_05_304340998,3,0
47210,msmarco_doc_06_1550752858,3,0
2030323,msmarco_doc_41_610792030,3,0
1114819,msmarco_doc_46_1038549630,3,Q0
30611,msmarco_doc_54_1687174299,3,0
845121,msmarco_doc_29_1343434160,3,0
23287,msmarco_doc_07_748378654,3,0
596569,msmarco_doc_11_1554220465,3,0
2028378,msmarco_doc_50_1258384306,3,0
1116380,msmarco_doc_01_1091800794,3,0
2082,msmarco_doc_06_155127819,3,0
2026150,msmarco_doc_41_1782459862,3,0
1040198,msmarco_doc_17_1085495750,3,0
673670,msmarco_doc_18_4265184171,3,0
2082,msmarco_doc_11_452816463,3,0
148538,msmarco_doc_00_220268062,3,Q0
2001975,msmarco_doc_20_1250754465,3,0
2027130,msmarco_doc_15_1818072047,3,0
2055795,msmarco_doc_55_893294199,3,0
2039908,msmarco_doc_01_1995645024,3,0
47923,msmarco_doc_02_1157435217,3,Q0
2004237,msmarco_doc_26_1536346777,3,0
1104447,msmarco_doc_20_674767212,3,0
2001975,msmarco_doc_38_1675344843,3,0
253263,msmarco_doc_10_634251337,3,0
915593,msmarco_doc_09_440087316,3,Q0
30611,msmarco_doc_54_1740087920,3,0
1117099,msmarco_doc_18_1557774896,3,Q0
646091,msmarco_doc_06_553380152,3,0
2082,msmarco_doc_14_1016212689,3,0
1117099,msmarco_doc_16_3900673975,3,Q0
168329,msmarco_doc_16_71880022,3,0
2040352,msmarco_doc_31_900786518,3,0
2000719,msmarco_doc_35_840860361,3,0
253263,msmarco_doc_07_1139617861,3,0
207786,msmarco_doc_00_835544076,3,Q0
1110996,msmarco_doc_26_1812359683,3,0
2039908,msmarco_doc_44_1425443662,3,0
1121909,msmarco_doc_27_37751082,3,0
2082,msmarco_doc_43_534235992,3,0
806694,msmarco_doc_35_986832791,3,0
2033470,msmarco_doc_05_304284671,3,0
421946,msmarco_doc_00_540494682,3,0
835760,msmarco_doc_19_2582042321,3,0
421946,msmarco_doc_41_1875711844,3,0
1063750,msmarco_doc_19_780382093,3,Q0
2039908,msmarco_doc_31_1396671541,3,0
30611,msmarco_doc_06_845474681,3,0
527433,msmarco_doc_04_1343582904,3,Q0
2003322,msmarco_doc_24_347781975,3,0
1110996,msmarco_doc_18_4393043774,3,0
2007419,msmarco_doc_38_1690915676,3,0
833860,msmarco_doc_50_1714327307,3,Q0
2040287,msmarco_doc_37_1464752792,3,0
2012431,msmarco_doc_46_889004746,3,0
2002269,msmarco_doc_35_805464108,3,0
2012431,msmarco_doc_39_807700644,3,0
2040287,msmarco_doc_00_1448764541,3,0
1106007,msmarco_doc_57_141191340,3,Q0
87181,msmarco_doc_07_1341830456,3,Q0
1064670,msmarco_doc_02_472070366,3,0
2082,msmarco_doc_21_609742283,3,0
2013306,msmarco_doc_42_1722556977,3,0
1110996,msmarco_doc_02_1088213438,3,0
952262,msmarco_doc_08_982905905,3,0
1129560,msmarco_doc_40_325686498,3,0
2007419,msmarco_doc_15_1665315157,3,0
2012431,msmarco_doc_28_284470691,3,0
1112341,msmarco_doc_00_234835137,3,Q0
2027130,msmarco_doc_50_254678597,3,0
915593,msmarco_doc_08_1624093847,3,Q0
183378,msmarco_doc_11_1515060609,3,Q0
596569,msmarco_doc_03_644734595,3,0
952262,msmarco_doc_07_1411613779,3,0
845121,msmarco_doc_04_697921997,3,0
174463,msmarco_doc_00_44267419,3,0
1111577,msmarco_doc_37_1247902072,3,0
952262,msmarco_doc_00_978217933,3,0
2082,msmarco_doc_39_522898766,3,0
2032949,msmarco_doc_04_648205248,3,0
421946,msmarco_doc_33_1185712359,3,0
2027130,msmarco_doc_37_847186458,3,0
183378,msmarco_doc_59_683015054,3,Q0
1133167,msmarco_doc_07_493263661,3,Q0
30611,msmarco_doc_01_387502521,3,0
183378,msmarco_doc_04_61883921,3,Q0
2037609,msmarco_doc_37_1503675894,3,0
1114819,msmarco_doc_08_940013452,3,Q0
1114819,msmarco_doc_55_1349630409,3,Q0
952262,msmarco_doc_33_1212317745,3,0
