"query_id","doc_id","relevance","iteration","personal_score"
112700,msmarco_passage_01_33071611,0,0,1
2002798,msmarco_passage_07_626959932,1,0,1
2037251,msmarco_passage_20_154332540,3,0,2
2012431,msmarco_passage_07_796115535,3,0,1
596569,msmarco_passage_13_472919920,3,0,2
2033470,msmarco_passage_10_222802943,1,0,2
2027130,msmarco_passage_29_251665665,3,0,3
2027130,msmarco_passage_43_116464227,1,0,3
2027130,msmarco_passage_05_547307441,3,0,2
2034676,msmarco_passage_38_195281235,2,0,1
1111577,msmarco_passage_30_131200137,3,0,3
596569,msmarco_passage_09_769269682,3,0,3
596569,msmarco_passage_26_505136105,3,0,3
596569,msmarco_passage_06_80405582,3,0,3
2039908,msmarco_passage_31_308708775,3,0,2
2013306,msmarco_passage_33_645667341,2,0,0
2013306,msmarco_passage_42_59675803,2,0,0
2013306,msmarco_passage_26_675688350,2,0,0
2013306,msmarco_passage_25_343910276,2,0,0
2013306,msmarco_passage_49_66464484,2,0,0
2013306,msmarco_passage_36_56224328,2,0,0
2013306,msmarco_passage_68_752120615,2,0,0
2013306,msmarco_passage_43_100987402,2,0,0
2013306,msmarco_passage_22_594816920,2,0,0
2013306,msmarco_passage_25_308852826,2,0,0
2013306,msmarco_passage_25_325286414,2,0,0
2013306,msmarco_passage_57_170414700,2,0,0
2013306,msmarco_passage_59_291073626,2,0,0
2013306,msmarco_passage_32_847481872,2,0,0
2013306,msmarco_passage_47_603178953,3,0,0
2013306,msmarco_passage_64_552275770,2,0,0
2013306,msmarco_passage_64_780890801,2,0,0
2013306,msmarco_passage_35_345554589,2,0,0
2013306,msmarco_passage_44_664814301,2,0,0
2013306,msmarco_passage_02_644690245,2,0,0
2013306,msmarco_passage_07_8815035,2,0,0
2013306,msmarco_passage_42_453452112,2,0,0
2013306,msmarco_passage_36_683980548,2,0,0
2013306,msmarco_passage_53_56463321,2,0,0
2013306,msmarco_passage_60_353242627,2,0,0
2013306,msmarco_passage_68_754877145,2,0,0
2002533,msmarco_passage_25_156757060,0,0,0
2037924,msmarco_passage_48_789501170,3,0,3
2037609,msmarco_passage_41_124783081,0,0,0
2027497,msmarco_passage_30_227943796,1,0,1
2037609,msmarco_passage_68_841786471,0,0,0
2037609,msmarco_passage_68_117360500,0,0,0
2037609,msmarco_passage_68_784986199,0,0,0
2035447,msmarco_passage_12_797990591,0,0,0
2037609,msmarco_passage_46_178352083,0,0,0
2035447,msmarco_passage_33_585908511,2,0,3
1117243,msmarco_passage_23_342467942,1,0,2
421946,msmarco_passage_48_124892275,3,0,3
2026558,msmarco_passage_33_187915925,0,0,0
300986,msmarco_passage_60_597359053,2,0,1
2005861,msmarco_passage_06_209912086,3,0,1
1104447,msmarco_passage_37_769927418,3,0,3
629937,msmarco_passage_64_656969348,0,0,1
2031726,msmarco_passage_68_294129878,1,0,0
2031726,msmarco_passage_02_303692573,1,0,0
2031726,msmarco_passage_66_781008097,1,0,0
2031726,msmarco_passage_64_781803447,1,0,0
2031726,msmarco_passage_23_358479528,1,0,0
2031726,msmarco_passage_64_780575762,1,0,0
2031726,msmarco_passage_11_205108581,1,0,0
2031726,msmarco_passage_23_599189173,1,0,0
2031726,msmarco_passage_13_58995273,1,0,0
2031726,msmarco_passage_28_627976972,1,0,0
2031726,msmarco_passage_42_27988613,1,0,0
2031726,msmarco_passage_60_608672582,1,0,0
2031726,msmarco_passage_42_408151768,1,0,0
2030323,msmarco_passage_47_261368133,3,0,3
2029260,msmarco_passage_12_375243235,3,0,1
2006375,msmarco_passage_39_136537431,0,0,0
2006375,msmarco_passage_67_261361246,3,0,2
2006375,msmarco_passage_13_678332265,0,0,0
2006375,msmarco_passage_50_347763056,0,0,0
2006375,msmarco_passage_50_348031521,0,0,0
2006375,msmarco_passage_00_196001688,0,0,0
2006375,msmarco_passage_12_733593218,0,0,0
1113361,msmarco_passage_30_632425496,3,0,2
1121909,msmarco_passage_40_62090285,1,0,3
1113361,msmarco_passage_14_109599007,3,0,3
2032949,msmarco_passage_14_386600216,3,0,2
2000719,msmarco_passage_54_153316433,0,0,0
2000719,msmarco_passage_31_322913658,3,0,2
2000719,msmarco_passage_48_67431924,0,0,0
2025747,msmarco_passage_25_345030381,0,0,1
2025747,msmarco_passage_25_313520494,0,0,1
2025747,msmarco_passage_48_466050052,0,0,0
2025747,msmarco_passage_04_264732714,0,0,0
2025747,msmarco_passage_39_46205467,0,0,0
2025747,msmarco_passage_50_67237952,1,0,1
2025747,msmarco_passage_25_305918022,0,0,1
2036182,msmarco_passage_43_175969940,0,0,0
2030608,msmarco_passage_40_184511595,3,0,3
168329,msmarco_passage_58_519406230,1,0,2
112700,msmarco_passage_18_757019055,1,0,1
493490,msmarco_passage_61_777208594,3,0,3
493490,msmarco_passage_13_626475411,3,0,3
30611,msmarco_passage_04_287901958,3,0,2
30611,msmarco_passage_41_263863504,3,0,2
1117243,msmarco_passage_12_206387565,1,0,2
421946,msmarco_passage_41_297169600,3,0,2
2029260,msmarco_passage_37_567540019,0,0,2
2038466,msmarco_passage_26_604835674,1,0,2
2038466,msmarco_passage_26_588529142,1,0,1
2033470,msmarco_passage_45_398687782,3,0,0
2033470,msmarco_passage_28_297827136,0,0,1
2045272,msmarco_passage_68_828558059,1,0,1
2082,msmarco_passage_65_397444052,3,0,3
2001975,msmarco_passage_57_475918160,0,0,0
2001975,msmarco_passage_29_569615107,3,0,3
596569,msmarco_passage_62_810494397,3,0,3
2032090,msmarco_passage_35_153482315,1,0,1
2039908,msmarco_passage_07_68842350,3,0,3
2039908,msmarco_passage_14_554166012,3,0,3
2013306,msmarco_passage_22_355252925,2,0,0
2013306,msmarco_passage_25_232615646,2,0,0
2013306,msmarco_passage_22_401513550,2,0,0
2013306,msmarco_passage_20_147622143,2,0,0
2013306,msmarco_passage_17_683146204,2,0,0
2013306,msmarco_passage_44_173117059,2,0,0
2013306,msmarco_passage_38_841712467,2,0,0
2013306,msmarco_passage_14_299533306,2,0,0
2013306,msmarco_passage_59_527443738,2,0,0
2013306,msmarco_passage_57_135613631,2,0,0
2013306,msmarco_passage_48_646807029,2,0,0
2013306,msmarco_passage_56_165279232,2,0,0
2013306,msmarco_passage_39_562890970,2,0,0
2013306,msmarco_passage_31_686213212,2,0,0
2013306,msmarco_passage_26_51510981,2,0,0
2027497,msmarco_passage_68_31374203,2,0,3
2037609,msmarco_passage_68_750160863,0,0,0
2037609,msmarco_passage_34_743887848,0,0,0
2037609,msmarco_passage_41_79243186,0,0,0
2005810,msmarco_passage_03_703938723,1,0,3
2026558,msmarco_passage_55_757768516,0,0,0
2026558,msmarco_passage_68_748909795,0,0,0
2005861,msmarco_passage_17_655129602,0,0,0
1104447,msmarco_passage_22_471901875,3,0,2
2028378,msmarco_passage_16_93843618,3,0,2
629937,msmarco_passage_53_430854121,3,0,3
2038890,msmarco_passage_50_261754093,3,0,3
2031726,msmarco_passage_14_699215060,1,0,0
2031726,msmarco_passage_10_596396916,1,0,0
2031726,msmarco_passage_54_215376360,1,0,0
2031726,msmarco_passage_32_466370259,1,0,0
2031726,msmarco_passage_65_140266034,1,0,0
2031726,msmarco_passage_44_56061789,1,0,0
2031726,msmarco_passage_33_187186404,1,0,0
2031726,msmarco_passage_35_832165366,1,0,0
2031726,msmarco_passage_63_176879676,1,0,0
2031726,msmarco_passage_15_628967603,1,0,0
2031726,msmarco_passage_47_492652646,1,0,0
2031726,msmarco_passage_64_807161326,1,0,0
2031726,msmarco_passage_26_13691321,1,0,0
2031726,msmarco_passage_02_133359064,1,0,0
2031726,msmarco_passage_50_377871177,1,0,0
2031726,msmarco_passage_61_157743284,1,0,0
2031726,msmarco_passage_45_702142,1,0,0
2031726,msmarco_passage_27_74220235,1,0,0
2031726,msmarco_passage_61_734491923,1,0,0
2031726,msmarco_passage_12_817330962,1,0,0
2031726,msmarco_passage_68_266371007,1,0,0
2031726,msmarco_passage_49_159537606,1,0,0
2031726,msmarco_passage_23_367188900,1,0,0
2031726,msmarco_passage_09_541381099,1,0,0
2031726,msmarco_passage_25_283635989,1,0,0
2031726,msmarco_passage_65_326867149,1,0,0
2031726,msmarco_passage_50_341870031,1,0,0
2030323,msmarco_passage_26_477440013,3,0,3
2030323,msmarco_passage_08_847428897,3,0,3
2029260,msmarco_passage_33_757998835,3,0,1
2029260,msmarco_passage_62_483932147,0,0,0
2029260,msmarco_passage_09_741384195,0,0,0
2029260,msmarco_passage_54_47729103,0,0,0
2029260,msmarco_passage_34_595566747,0,0,0
2029260,msmarco_passage_16_438117756,0,0,0
2006375,msmarco_passage_59_525692768,0,0,0
2006375,msmarco_passage_04_705601712,0,0,0
2006375,msmarco_passage_51_766873069,0,0,0
2006375,msmarco_passage_24_420474930,0,0,0
2006375,msmarco_passage_56_777643946,0,0,0
2006375,msmarco_passage_30_649600884,0,0,0
1113361,msmarco_passage_52_103224724,3,0,3
2000719,msmarco_passage_22_456810284,0,0,0
2000719,msmarco_passage_48_95604395,0,0,0
2000719,msmarco_passage_17_607752959,0,0,0
2025747,msmarco_passage_25_346064265,0,0,1
2025747,msmarco_passage_28_361946915,0,0,0
2025747,msmarco_passage_29_209465010,0,0,0
2025747,msmarco_passage_25_340040734,0,0,1
2025747,msmarco_passage_11_594995786,0,0,0
764738,msmarco_passage_14_421130213,3,0,3
2035565,msmarco_passage_25_406415303,3,0,3
1109840,msmarco_passage_65_153889578,3,0,3
2002269,msmarco_passage_21_80348727,3,0,3
2055795,msmarco_passage_64_752665226,0,0,2
1104300,msmarco_passage_43_515881263,3,0,3
30611,msmarco_passage_41_263916437,3,0,2
2000719,msmarco_passage_00_461752137,3,0,2
2029260,msmarco_passage_52_435735768,3,0,2
2027130,msmarco_passage_13_442977820,3,0,2
2033470,msmarco_passage_05_155666097,3,0,1
2027130,msmarco_passage_43_116363413,1,0,2
2001975,msmarco_passage_40_643791085,3,0,3
2001975,msmarco_passage_11_305634272,3,0,3
596569,msmarco_passage_13_448240451,3,0,3
596569,msmarco_passage_65_648881773,3,0,3
2039908,msmarco_passage_02_4713542,3,0,3
2013306,msmarco_passage_68_737600998,2,0,0
2013306,msmarco_passage_04_351920327,2,0,0
2013306,msmarco_passage_50_449909777,2,0,0
2013306,msmarco_passage_55_757282523,2,0,0
2013306,msmarco_passage_40_585727306,2,0,0
2013306,msmarco_passage_35_137814305,2,0,0
2013306,msmarco_passage_25_518273066,2,0,0
2013306,msmarco_passage_64_469431826,2,0,0
2013306,msmarco_passage_28_641155809,2,0,0
2013306,msmarco_passage_11_700139671,2,0,0
2013306,msmarco_passage_47_493314356,2,0,0
2013306,msmarco_passage_68_754384826,2,0,0
2013306,msmarco_passage_09_544056047,2,0,0
2013306,msmarco_passage_32_74970664,2,0,0
2013306,msmarco_passage_10_375299358,2,0,0
2013306,msmarco_passage_38_569162434,2,0,0
2013306,msmarco_passage_10_53280578,2,0,0
2013306,msmarco_passage_60_785495286,2,0,0
2013306,msmarco_passage_33_188196811,2,0,0
2013306,msmarco_passage_39_68565708,2,0,0
2013306,msmarco_passage_28_745888223,2,0,0
2013306,msmarco_passage_65_334290127,2,0,0
2040287,msmarco_passage_01_861344844,3,0,3
2036968,msmarco_passage_50_574814356,3,0,1
2002533,msmarco_passage_25_161977007,0,0,0
2055634,msmarco_passage_10_547511865,3,0,3
2055634,msmarco_passage_66_197592164,3,0,3
1117243,msmarco_passage_49_37081822,2,0,3
2004253,msmarco_passage_66_345606011,3,0,3
2026558,msmarco_passage_14_420498635,0,0,0
2037251,msmarco_passage_19_54634121,3,0,3
1104447,msmarco_passage_30_720287144,3,0,2
952262,msmarco_passage_60_322275192,3,0,3
1104447,msmarco_passage_62_569094999,3,0,3
952262,msmarco_passage_65_849043823,3,0,3
2001532,msmarco_passage_14_558585408,3,0,2
688007,msmarco_passage_33_766603220,3,0,3
2002798,msmarco_passage_64_252757388,1,0,1
2031726,msmarco_passage_09_272442804,1,0,0
2031726,msmarco_passage_15_79587789,1,0,0
2031726,msmarco_passage_36_40076191,1,0,0
2031726,msmarco_passage_05_271657828,1,0,0
2031726,msmarco_passage_16_645636461,1,0,0
2031726,msmarco_passage_21_514241968,1,0,0
2031726,msmarco_passage_42_490602299,1,0,0
2031726,msmarco_passage_29_226069045,1,0,0
2031726,msmarco_passage_50_347224839,1,0,0
2031726,msmarco_passage_27_244831707,1,0,0
2031726,msmarco_passage_02_610397959,1,0,0
2031726,msmarco_passage_14_428408905,1,0,0
2031726,msmarco_passage_35_137814305,1,0,0
2029260,msmarco_passage_41_248212498,0,0,0
2029260,msmarco_passage_12_381626075,0,0,0
2029260,msmarco_passage_51_474511296,0,0,0
2029260,msmarco_passage_67_632318493,3,0,0
2006375,msmarco_passage_31_615334270,3,0,2
2006375,msmarco_passage_61_655482135,0,0,0
2006375,msmarco_passage_03_390727875,0,0,0
2006375,msmarco_passage_41_350386822,0,0,0
2006375,msmarco_passage_54_826606229,0,0,0
1113361,msmarco_passage_02_20534481,3,0,2
2003322,msmarco_passage_44_344493396,3,0,2
2003322,msmarco_passage_59_534407306,3,0,3
2032949,msmarco_passage_31_617252440,2,0,2
2054355,msmarco_passage_29_695027579,1,0,3
2000719,msmarco_passage_54_437967480,0,0,0
2000719,msmarco_passage_51_856359135,0,0,0
2000719,msmarco_passage_41_811245278,0,0,0
2000719,msmarco_passage_40_657292839,3,0,3
2000719,msmarco_passage_22_800466406,0,0,0
2000719,msmarco_passage_18_240982431,3,0,3
2000719,msmarco_passage_04_511289345,0,0,0
2000719,msmarco_passage_15_30347703,3,0,1
2000719,msmarco_passage_64_230531596,1,0,1
2000719,msmarco_passage_39_645646397,3,0,3
2025747,msmarco_passage_64_781636135,0,0,0
2025747,msmarco_passage_63_24909678,0,0,0
2025747,msmarco_passage_11_664043608,0,0,0
2036182,msmarco_passage_38_578923394,0,0,0
2033396,msmarco_passage_38_287934804,3,0,3
2055480,msmarco_passage_55_733306212,3,0,3
2002269,msmarco_passage_22_608240654,0,0,1
2002269,msmarco_passage_36_220411076,1,0,1
2004237,msmarco_passage_38_733835477,3,0,3
806694,msmarco_passage_61_123797376,1,0,3
2034205,msmarco_passage_56_719749582,1,0,1
493490,msmarco_passage_16_295748139,3,0,3
493490,msmarco_passage_27_65380312,3,0,3
935964,msmarco_passage_64_226882001,3,0,3
2012536,msmarco_passage_41_469882496,1,0,2
2007055,msmarco_passage_24_155821686,1,0,2
2034205,msmarco_passage_48_680356768,2,0,2
168329,msmarco_passage_16_243080257,3,0,2
2040352,msmarco_passage_12_672067259,3,0,3
2001975,msmarco_passage_55_400786207,3,0,1
2001975,msmarco_passage_36_573787830,3,0,1
2012431,msmarco_passage_53_470956607,3,0,2
2013306,msmarco_passage_03_763475055,2,0,0
2013306,msmarco_passage_25_325013547,2,0,0
2013306,msmarco_passage_60_375095258,2,0,0
2013306,msmarco_passage_30_875663400,2,0,0
2013306,msmarco_passage_42_523957714,2,0,0
2013306,msmarco_passage_31_259237056,2,0,0
2013306,msmarco_passage_16_292704902,2,0,0
2013306,msmarco_passage_45_183937216,2,0,0
2013306,msmarco_passage_29_45664144,2,0,0
2013306,msmarco_passage_64_810746413,2,0,0
2013306,msmarco_passage_42_236021177,2,0,0
2013306,msmarco_passage_41_812191962,2,0,0
2013306,msmarco_passage_47_493326677,2,0,0
2013306,msmarco_passage_45_74047882,2,0,0
2013306,msmarco_passage_48_172932935,2,0,0
2013306,msmarco_passage_23_153979706,2,0,0
2013306,msmarco_passage_38_490687937,2,0,0
2013306,msmarco_passage_08_821888813,2,0,0
2013306,msmarco_passage_09_405741786,2,0,0
2013306,msmarco_passage_41_698054536,2,0,0
2013306,msmarco_passage_49_543708359,2,0,0
2013306,msmarco_passage_66_665088892,2,0,0
2013306,msmarco_passage_42_321601404,2,0,0
2013306,msmarco_passage_26_165530325,2,0,0
2013306,msmarco_passage_68_785670322,2,0,0
2013306,msmarco_passage_57_76069808,2,0,0
2037609,msmarco_passage_61_22861999,0,0,0
2037609,msmarco_passage_11_205853834,0,0,0
2037609,msmarco_passage_22_868372980,0,0,0
2037609,msmarco_passage_64_92021415,0,0,0
2037609,msmarco_passage_48_757005625,0,0,0
2005810,msmarco_passage_30_713636092,1,0,2
2026150,msmarco_passage_16_227231397,0,0,1
2004253,msmarco_passage_44_813680569,3,0,3
2026558,msmarco_passage_42_214615509,0,0,0
2026558,msmarco_passage_54_771453314,0,0,0
2026558,msmarco_passage_68_777693239,0,0,0
2026558,msmarco_passage_68_751256870,0,0,0
2005861,msmarco_passage_47_851266165,3,0,3
1006728,msmarco_passage_65_851178736,0,0,2
1104447,msmarco_passage_57_632232213,3,0,3
1104447,msmarco_passage_00_787883905,3,0,2
1104447,msmarco_passage_12_534312125,3,0,3
952262,msmarco_passage_10_886522396,3,0,3
952262,msmarco_passage_57_447973988,3,0,3
2001532,msmarco_passage_44_613043576,3,0,2
2028378,msmarco_passage_38_42122449,3,0,2
1110996,msmarco_passage_21_93078965,3,0,3
1110996,msmarco_passage_21_641534379,2,0,3
2031726,msmarco_passage_26_40669559,1,0,0
2031726,msmarco_passage_61_542091653,1,0,0
2031726,msmarco_passage_14_846817373,1,0,0
2031726,msmarco_passage_46_327082733,1,0,0
2031726,msmarco_passage_01_211144638,1,0,0
2031726,msmarco_passage_62_167279320,1,0,0
2031726,msmarco_passage_02_796648759,1,0,0
2031726,msmarco_passage_68_200463473,1,0,0
2031726,msmarco_passage_68_749729537,1,0,0
2031726,msmarco_passage_38_444280576,1,0,0
2031726,msmarco_passage_42_101028193,1,0,0
2031726,msmarco_passage_41_762141774,1,0,0
2031726,msmarco_passage_14_119643251,1,0,0
2029260,msmarco_passage_55_532073919,0,0,0
2029260,msmarco_passage_68_758958533,0,0,0
2029260,msmarco_passage_68_589651839,0,0,0
2029260,msmarco_passage_53_43802726,3,0,3
2006375,msmarco_passage_57_168967336,0,0,0
2006375,msmarco_passage_52_582364631,0,0,0
2006375,msmarco_passage_27_775565015,0,0,0
2006375,msmarco_passage_39_160884979,0,0,0
1113361,msmarco_passage_64_212079834,3,0,3
2000719,msmarco_passage_52_411115943,3,0,3
2000719,msmarco_passage_43_445030696,0,0,0
2000719,msmarco_passage_46_276031173,0,0,0
2025747,msmarco_passage_50_55652826,1,0,1
2025747,msmarco_passage_44_735504945,0,0,0
2025747,msmarco_passage_50_107421342,3,0,1
2025747,msmarco_passage_25_333848150,1,0,0
2025747,msmarco_passage_03_694631187,0,0,0
2025747,msmarco_passage_04_12680037,0,0,0
2025747,msmarco_passage_33_532913595,0,0,0
2025747,msmarco_passage_25_341892219,0,0,1
2036182,msmarco_passage_40_309309663,0,0,0
764738,msmarco_passage_60_483171928,1,0,2
764738,msmarco_passage_17_501555126,3,0,3
2004237,msmarco_passage_67_386151859,1,0,1
2004237,msmarco_passage_46_288190879,1,0,1
364210,msmarco_passage_11_3170636,2,0,3
2040613,msmarco_passage_19_774209297,3,0,1
493490,msmarco_passage_61_777215608,3,0,3
493490,msmarco_passage_44_368105912,3,0,3
493490,msmarco_passage_61_776625227,3,0,3
845121,msmarco_passage_68_87209129,3,0,2
2035565,msmarco_passage_21_783819430,3,0,3
1104300,msmarco_passage_39_832891254,3,0,3
1104447,msmarco_passage_17_510276449,2,0,3
2008871,msmarco_passage_27_239082134,2,0,2
2001975,msmarco_passage_62_376476052,3,0,2
2000719,msmarco_passage_08_645953003,3,0,2
2037251,msmarco_passage_55_349828868,3,0,2
2033470,msmarco_passage_62_839098311,3,0,1
2034676,msmarco_passage_20_274635852,1,0,1
2040352,msmarco_passage_54_416726372,3,0,3
2040352,msmarco_passage_04_178799487,3,0,3
2040352,msmarco_passage_18_298361794,3,0,3
1111577,msmarco_passage_25_376872968,3,0,3
1111577,msmarco_passage_05_563789830,3,0,3
1111577,msmarco_passage_05_563782946,1,0,3
2039908,msmarco_passage_48_581083522,3,0,3
2039908,msmarco_passage_06_82771417,3,0,3
2013306,msmarco_passage_47_344553240,2,0,0
2013306,msmarco_passage_42_315569199,2,0,0
2013306,msmarco_passage_64_781733167,2,0,0
2013306,msmarco_passage_11_310432275,2,0,0
2013306,msmarco_passage_64_783406419,2,0,0
2013306,msmarco_passage_12_777342695,2,0,0
2013306,msmarco_passage_55_256164475,2,0,0
2013306,msmarco_passage_68_782911419,2,0,0
2013306,msmarco_passage_33_189193404,2,0,0
2013306,msmarco_passage_61_494424990,2,0,0
2013306,msmarco_passage_28_411871954,2,0,0
2013306,msmarco_passage_52_545350787,2,0,0
2013306,msmarco_passage_33_186512031,2,0,0
2013306,msmarco_passage_04_275171586,2,0,0
2013306,msmarco_passage_07_420608887,2,0,0
2013306,msmarco_passage_07_286718987,2,0,0
2013306,msmarco_passage_68_275087345,2,0,0
2013306,msmarco_passage_41_243788390,2,0,0
2013306,msmarco_passage_14_157012608,2,0,0
2013306,msmarco_passage_10_677010830,2,0,0
2013306,msmarco_passage_35_175048267,2,0,0
2013306,msmarco_passage_12_369279640,0,0,0
2013306,msmarco_passage_15_78630988,2,0,0
2013306,msmarco_passage_68_757712675,2,0,0
2037609,msmarco_passage_68_310728926,0,0,0
2040287,msmarco_passage_43_175358988,3,0,3
2037609,msmarco_passage_65_545464898,0,0,0
2037609,msmarco_passage_64_749538646,0,0,0
2037609,msmarco_passage_41_116202356,0,0,0
2037609,msmarco_passage_23_2162673,0,0,0
2026150,msmarco_passage_54_732474924,3,0,3
2026150,msmarco_passage_57_699977536,3,0,3
2026558,msmarco_passage_00_335541238,0,0,0
2026558,msmarco_passage_00_419175047,0,0,0
2026558,msmarco_passage_53_349394018,0,0,0
2005861,msmarco_passage_45_336130542,3,0,3
1104447,msmarco_passage_00_787878519,3,0,2
952262,msmarco_passage_11_823089134,3,0,3
2001532,msmarco_passage_54_127255513,3,0,3
2028378,msmarco_passage_52_91698672,3,0,2
2031726,msmarco_passage_08_416503368,1,0,0
2031726,msmarco_passage_22_303117151,1,0,0
2031726,msmarco_passage_07_825944560,1,0,0
2031726,msmarco_passage_54_772968922,1,0,0
2031726,msmarco_passage_30_649600884,1,0,0
2031726,msmarco_passage_25_308441547,1,0,0
2031726,msmarco_passage_47_493173760,1,0,0
2031726,msmarco_passage_68_749065765,1,0,0
2031726,msmarco_passage_64_164564819,1,0,0
2031726,msmarco_passage_33_47226147,1,0,0
2031726,msmarco_passage_15_470493794,1,0,0
2031726,msmarco_passage_07_339615024,1,0,0
2031726,msmarco_passage_43_860391384,1,0,0
2031726,msmarco_passage_57_170265114,1,0,0
2031726,msmarco_passage_38_431773277,1,0,3
2031726,msmarco_passage_53_309855214,1,0,0
2031726,msmarco_passage_50_507729944,1,0,0
2031726,msmarco_passage_03_470473167,1,0,0
2031726,msmarco_passage_53_593877836,2,0,3
2029260,msmarco_passage_54_826599732,0,0,0
2029260,msmarco_passage_22_55082415,0,0,0
2029260,msmarco_passage_04_433438946,0,0,0
2029260,msmarco_passage_02_462305163,0,0,0
2029260,msmarco_passage_37_676444570,0,0,2
2006375,msmarco_passage_15_39784076,0,0,0
2006375,msmarco_passage_38_4582280,0,0,0
2006375,msmarco_passage_39_606515295,0,0,0
2046371,msmarco_passage_44_769776437,3,0,3
2000719,msmarco_passage_41_132811164,1,0,2
2000719,msmarco_passage_63_24858093,0,0,0
2000719,msmarco_passage_44_323812681,0,0,0
2025747,msmarco_passage_44_664834696,0,0,0
2025747,msmarco_passage_64_783003732,0,0,0
2025747,msmarco_passage_25_334520301,0,0,1
2025747,msmarco_passage_33_187109777,0,0,0
2025747,msmarco_passage_25_309928763,0,0,1
2036182,msmarco_passage_43_186597948,0,0,0
2025747,msmarco_passage_25_319097390,0,0,1
1107821,msmarco_passage_20_544499803,1,0,2
2035565,msmarco_passage_05_577042139,3,0,1
2035565,msmarco_passage_43_187235108,3,0,1
1104300,msmarco_passage_35_731103287,3,0,2
2027130,msmarco_passage_29_251729445,3,0,2
2027130,msmarco_passage_43_116441858,3,0,2
2027130,msmarco_passage_43_116446093,3,0,1
2027130,msmarco_passage_24_558067947,3,0,3
2039908,msmarco_passage_37_419181198,3,0,3
2039908,msmarco_passage_04_602833,3,0,3
2039908,msmarco_passage_59_84295276,3,0,1
30611,msmarco_passage_43_96209725,3,0,3
2013306,msmarco_passage_11_332016266,2,0,0
2013306,msmarco_passage_08_113886797,2,0,0
2013306,msmarco_passage_39_127163102,2,0,0
2013306,msmarco_passage_34_852218642,2,0,0
2013306,msmarco_passage_54_12776485,2,0,0
2013306,msmarco_passage_23_134371688,2,0,0
2013306,msmarco_passage_41_768035706,2,0,0
2013306,msmarco_passage_25_175485031,2,0,0
2013306,msmarco_passage_57_530946227,2,0,0
2013306,msmarco_passage_68_751002107,2,0,0
2013306,msmarco_passage_14_290629220,2,0,0
2013306,msmarco_passage_68_841784858,2,0,0
2013306,msmarco_passage_46_497175232,2,0,0
2013306,msmarco_passage_44_72968929,2,0,0
2013306,msmarco_passage_09_278068201,2,0,0
2013306,msmarco_passage_59_323399588,2,0,0
2013306,msmarco_passage_31_294828943,2,0,0
2013306,msmarco_passage_33_187514391,2,0,0
2036968,msmarco_passage_53_506154559,3,0,3
2036968,msmarco_passage_10_652172095,3,0,3
2037924,msmarco_passage_67_265349196,3,0,3
2037609,msmarco_passage_59_549978574,0,0,0
2037609,msmarco_passage_36_114935672,0,0,0
2037609,msmarco_passage_63_303226078,0,0,0
1107704,msmarco_passage_40_184436647,0,0,1
2026150,msmarco_passage_20_731219223,3,0,3
2026558,msmarco_passage_11_205916214,0,0,0
2026558,msmarco_passage_14_616202581,0,0,0
2026558,msmarco_passage_42_142338024,0,0,0
2026558,msmarco_passage_57_126121207,0,0,0
2026558,msmarco_passage_29_669798898,0,0,0
2037251,msmarco_passage_25_50846309,3,0,3
952262,msmarco_passage_46_197909458,3,0,3
540006,msmarco_passage_13_345754350,3,0,3
2038890,msmarco_passage_50_261753147,3,0,3
1110996,msmarco_passage_12_198820225,3,0,2
2031726,msmarco_passage_45_558786035,1,0,0
2031726,msmarco_passage_68_780839612,1,0,0
2031726,msmarco_passage_36_411815935,1,0,0
2031726,msmarco_passage_62_788723628,1,0,0
2031726,msmarco_passage_48_617671689,1,0,0
2031726,msmarco_passage_05_338530133,1,0,0
2031726,msmarco_passage_34_552842235,1,0,0
2031726,msmarco_passage_35_469969164,1,0,0
2031726,msmarco_passage_28_391085262,1,0,0
2031726,msmarco_passage_43_521875609,1,0,0
2031726,msmarco_passage_19_664632313,1,0,0
2031726,msmarco_passage_25_320543340,1,0,0
2031726,msmarco_passage_48_67481144,1,0,0
2031726,msmarco_passage_57_377318373,1,0,0
2031726,msmarco_passage_03_356854310,1,0,0
2031726,msmarco_passage_14_291877695,1,0,0
2031726,msmarco_passage_45_442346897,1,0,0
2029260,msmarco_passage_00_594949794,0,0,0
2029260,msmarco_passage_12_714842372,0,0,0
2029260,msmarco_passage_17_607381591,0,0,0
2029260,msmarco_passage_54_24188185,0,0,0
2029260,msmarco_passage_54_771836858,0,0,0
2029260,msmarco_passage_30_158846199,0,0,0
2029260,msmarco_passage_35_696965144,3,0,3
2006375,msmarco_passage_01_22696500,3,0,2
2006375,msmarco_passage_04_421821427,0,0,0
2006375,msmarco_passage_11_205503133,0,0,0
2006375,msmarco_passage_68_865146816,3,0,1
2006375,msmarco_passage_66_154484205,0,0,0
2006375,msmarco_passage_61_507961467,0,0,0
1121909,msmarco_passage_01_808247906,3,0,3
2046371,msmarco_passage_28_273323365,3,0,3
2000719,msmarco_passage_55_841798009,0,0,0
2000719,msmarco_passage_38_444992110,0,0,0
2000719,msmarco_passage_33_187163582,0,0,0
2000719,msmarco_passage_36_244468496,0,0,0
2000719,msmarco_passage_15_170898223,0,0,0
2000719,msmarco_passage_59_549830257,0,0,0
2025747,msmarco_passage_50_104729101,1,0,1
2025747,msmarco_passage_25_288977571,3,0,1
2025747,msmarco_passage_50_482867607,0,0,0
2025747,msmarco_passage_36_291666010,0,0,0
2025747,msmarco_passage_50_55058115,1,0,1
2025747,msmarco_passage_50_49717803,1,0,1
2025747,msmarco_passage_05_308383245,0,0,0
2025747,msmarco_passage_24_210363400,0,0,0
2036182,msmarco_passage_04_687984542,0,0,0
2033232,msmarco_passage_41_122702426,3,0,3
2055480,msmarco_passage_27_479722425,0,0,1
2002269,msmarco_passage_04_99670055,3,0,3
2002269,msmarco_passage_05_367134241,3,0,3
2044423,msmarco_passage_59_701707269,3,0,1
2034205,msmarco_passage_48_662323507,2,0,1
2034205,msmarco_passage_07_403508559,0,0,1
2009871,msmarco_passage_65_55166597,3,0,3
104861,"3251293",0,,
104861,"3329746",0,,
104861,"3841986",0,,
2001975,msmarco_passage_23_380556919,3,0,2
2025747,msmarco_passage_50_105570255,1,0,1
2055795,msmarco_passage_09_836829748,2,0,2
2082,msmarco_passage_27_95413114,3,0,3
2082,msmarco_passage_31_104810189,3,0,3
2038466,msmarco_passage_26_591959741,3,0,3
2033470,msmarco_passage_03_825745309,3,0,1
2027130,msmarco_passage_08_712078079,3,0,1
2001975,msmarco_passage_11_305635180,3,0,1
2039908,msmarco_passage_50_566031912,2,0,3
2013306,msmarco_passage_32_539777194,2,0,0
2013306,msmarco_passage_58_627666346,2,0,0
2013306,msmarco_passage_03_4798445,2,0,0
2013306,msmarco_passage_47_493124530,2,0,0
2013306,msmarco_passage_56_494125701,2,0,0
2013306,msmarco_passage_38_571570875,2,0,0
2013306,msmarco_passage_16_691900723,2,0,0
2013306,msmarco_passage_38_706909284,2,0,0
2013306,msmarco_passage_12_121567797,2,0,0
2013306,msmarco_passage_64_782523071,2,0,0
2013306,msmarco_passage_16_691528386,2,0,0
2013306,msmarco_passage_48_67496255,2,0,0
2013306,msmarco_passage_40_219123882,2,0,0
2013306,msmarco_passage_64_783079361,2,0,0
2013306,msmarco_passage_68_755372465,2,0,0
2013306,msmarco_passage_47_493708793,2,0,0
2013306,msmarco_passage_33_736740100,2,0,0
2013306,msmarco_passage_48_577788045,2,0,0
2013306,msmarco_passage_68_788701087,2,0,0
2013306,msmarco_passage_04_108517954,2,0,0
2013306,msmarco_passage_62_153843610,2,0,0
2013306,msmarco_passage_44_441748684,2,0,0
2013306,msmarco_passage_53_281625060,2,0,0
2037609,msmarco_passage_68_589058476,0,0,0
2013306,msmarco_passage_15_222581128,2,0,0
2037609,msmarco_passage_30_157111379,0,0,0
2037609,msmarco_passage_64_811551112,0,0,0
2037609,msmarco_passage_68_526165011,0,0,0
2037609,msmarco_passage_04_449600610,0,0,0
2005810,msmarco_passage_62_158734871,0,0,1
2026150,msmarco_passage_69_32655009,0,0,0
2026558,msmarco_passage_56_816109666,0,0,0
2026558,msmarco_passage_36_41044860,0,0,0
300986,msmarco_passage_28_817645953,3,0,3
952262,msmarco_passage_02_641464678,3,0,3
2001532,msmarco_passage_54_127232652,3,0,2
2028378,msmarco_passage_32_255388331,3,0,1
1110996,msmarco_passage_19_204319882,3,0,2
1110996,msmarco_passage_21_352558963,2,0,2
832573,msmarco_passage_26_385073075,2,0,3
2031726,msmarco_passage_68_748598784,1,0,0
2031726,msmarco_passage_51_770438165,1,0,0
2031726,msmarco_passage_56_7962398,1,0,0
2031726,msmarco_passage_54_772529241,1,0,0
2031726,msmarco_passage_38_841625642,1,0,0
2031726,msmarco_passage_68_757832234,1,0,0
2031726,msmarco_passage_23_417624232,1,0,0
2031726,msmarco_passage_37_117089945,1,0,0
2031726,msmarco_passage_67_120345570,1,0,0
2031726,msmarco_passage_22_658174266,1,0,0
2031726,msmarco_passage_48_303308058,1,0,0
2031726,msmarco_passage_30_818441067,1,0,0
2031726,msmarco_passage_06_398147225,1,0,0
2031726,msmarco_passage_44_740859033,1,0,0
2031726,msmarco_passage_39_561890747,1,0,0
2031726,msmarco_passage_36_295177963,1,0,0
2031726,msmarco_passage_33_187890724,1,0,0
2031726,msmarco_passage_53_418943422,1,0,0
2031726,msmarco_passage_50_564769676,1,0,0
2031726,msmarco_passage_23_587270151,1,0,0
2031726,msmarco_passage_47_403957003,1,0,0
2031726,msmarco_passage_47_493758161,1,0,0
2030323,msmarco_passage_24_791872223,3,0,3
2029260,msmarco_passage_54_2976516,0,0,0
2029260,msmarco_passage_44_233065659,0,0,0
2006375,msmarco_passage_68_786097035,0,0,0
2006375,msmarco_passage_03_164169123,3,0,3
2006375,msmarco_passage_63_182837113,0,0,0
1113361,msmarco_passage_26_562467771,3,0,2
2006211,msmarco_passage_24_324825917,1,0,0
2000719,msmarco_passage_41_202361496,0,0,0
2000719,msmarco_passage_44_231288457,0,0,0
2000719,msmarco_passage_68_750757261,0,0,0
2000719,msmarco_passage_09_277198181,0,0,0
2025747,msmarco_passage_32_373693959,0,0,0
2025747,msmarco_passage_42_625915990,0,0,0
2025747,msmarco_passage_41_369160743,0,0,0
2025747,msmarco_passage_33_187317834,0,0,0
2025747,msmarco_passage_25_333756841,3,0,1
2025747,msmarco_passage_63_73187828,0,0,0
2025747,msmarco_passage_25_316849811,0,0,1
2025747,msmarco_passage_40_830166451,0,0,0
2008871,msmarco_passage_29_370239831,2,0,1
2035565,msmarco_passage_63_152834473,3,0,3
2035009,msmarco_passage_20_832652579,0,0,1
2002269,msmarco_passage_00_154951652,3,0,1
2002269,msmarco_passage_32_689392896,2,0,3
1040198,msmarco_passage_21_72930767,3,0,1
2044423,msmarco_passage_59_706931853,3,0,1
935964,msmarco_passage_64_812650549,3,0,3
2032090,msmarco_passage_67_367615678,1,0,2
2001975,msmarco_passage_33_362586774,3,0,3
2029260,msmarco_passage_37_668516027,0,0,2
2055795,msmarco_passage_60_575095347,3,0,1
2001532,msmarco_passage_07_619672358,3,0,2
2026150,msmarco_passage_40_709877222,1,0,2
2033470,msmarco_passage_41_681211633,3,0,0
2027130,msmarco_passage_68_825909082,3,0,3
2027130,msmarco_passage_02_383514161,3,0,3
2027130,msmarco_passage_00_528421598,3,0,2
2045272,msmarco_passage_46_324642306,0,0,1
2001975,msmarco_passage_62_376475664,3,0,3
2013306,msmarco_passage_39_633698301,2,0,0
2013306,msmarco_passage_55_861340136,2,0,0
2013306,msmarco_passage_54_772786179,2,0,0
2013306,msmarco_passage_48_506872249,2,0,0
2013306,msmarco_passage_23_759817002,2,0,0
2013306,msmarco_passage_17_607667286,2,0,0
2013306,msmarco_passage_01_242423134,2,0,0
2013306,msmarco_passage_50_213218262,2,0,0
2013306,msmarco_passage_68_753565273,2,0,0
2013306,msmarco_passage_68_776742723,2,0,0
2013306,msmarco_passage_34_502054687,2,0,0
2013306,msmarco_passage_01_809400092,2,0,0
2013306,msmarco_passage_68_748644481,2,0,0
2013306,msmarco_passage_24_252471660,2,0,0
2013306,msmarco_passage_30_694892822,2,0,0
2013306,msmarco_passage_13_818037361,2,0,0
2013306,msmarco_passage_28_413033351,2,0,0
2013306,msmarco_passage_68_749457569,2,0,0
2013306,msmarco_passage_09_56974373,2,0,0
2013306,msmarco_passage_18_772120164,2,0,0
2013306,msmarco_passage_64_42792675,2,0,0
2013306,msmarco_passage_42_736078479,2,0,0
2013306,msmarco_passage_44_621988575,2,0,0
2013306,msmarco_passage_14_570868366,2,0,0
2013306,msmarco_passage_05_349802024,2,0,0
2013306,msmarco_passage_46_426775145,2,0,0
2013306,msmarco_passage_68_751921759,2,0,0
1129560,msmarco_passage_10_493909355,3,0,3
2037609,msmarco_passage_09_209167106,0,0,0
2037609,msmarco_passage_24_14323475,0,0,0
2037609,msmarco_passage_23_4714637,0,0,0
2037609,msmarco_passage_38_807159044,0,0,0
2035447,msmarco_passage_12_796662256,0,0,0
2026558,msmarco_passage_47_554004748,0,0,0
2004253,msmarco_passage_36_826061146,3,0,2
2026558,msmarco_passage_07_602787465,0,0,0
2026558,msmarco_passage_60_298669199,0,0,0
2026558,msmarco_passage_20_376755989,0,0,0
2026558,msmarco_passage_35_713489798,0,0,0
2028378,msmarco_passage_34_805740843,3,0,1
540006,msmarco_passage_57_49061407,3,0,2
300025,msmarco_passage_04_561349553,3,0,2
2038890,msmarco_passage_50_262042802,1,0,1
2031726,msmarco_passage_10_294765102,1,0,0
2031726,msmarco_passage_59_760627859,1,0,0
2031726,msmarco_passage_60_706500038,1,0,0
2031726,msmarco_passage_14_709543483,1,0,0
2031726,msmarco_passage_64_781329547,1,0,0
2031726,msmarco_passage_54_772832717,1,0,0
2031726,msmarco_passage_14_74059843,1,0,0
2031726,msmarco_passage_15_780053368,1,0,0
2031726,msmarco_passage_68_758468660,1,0,0
2031726,msmarco_passage_46_422301360,1,0,0
2031726,msmarco_passage_00_820061293,1,0,0
2031726,msmarco_passage_35_697630401,1,0,0
2031726,msmarco_passage_10_615124858,1,0,0
2031726,msmarco_passage_59_323676396,1,0,0
2031726,msmarco_passage_19_708355690,1,0,0
2031726,msmarco_passage_38_441948305,1,0,0
2031726,msmarco_passage_60_264915926,1,0,0
2031726,msmarco_passage_68_755351380,1,0,0
2031726,msmarco_passage_64_782489114,1,0,0
2031726,msmarco_passage_25_315163297,1,0,0
2031726,msmarco_passage_29_170791898,1,0,0
2031726,msmarco_passage_16_361316983,1,0,0
2031726,msmarco_passage_50_212855905,1,0,0
2029260,msmarco_passage_40_856658623,0,0,0
2029260,msmarco_passage_16_691444602,0,0,0
2029260,msmarco_passage_17_240193462,0,0,0
2006375,msmarco_passage_11_206366325,0,0,0
1113361,msmarco_passage_33_122469933,2,0,3
2054355,msmarco_passage_21_643280021,0,0,3
2000719,msmarco_passage_10_615303676,0,0,0
2000719,msmarco_passage_68_779409490,0,0,0
2000719,msmarco_passage_63_117867997,0,0,0
2000719,msmarco_passage_55_485534482,0,0,0
2000719,msmarco_passage_23_22283696,0,0,0
2025747,msmarco_passage_06_223366495,0,0,0
2025747,msmarco_passage_47_494184318,0,0,0
2025747,msmarco_passage_61_32186467,0,0,0
2025747,msmarco_passage_50_112770761,3,0,1
2035565,msmarco_passage_04_165294657,3,0,1
2033396,msmarco_passage_66_122674110,3,0,2
337656,msmarco_passage_43_18568436,0,0,1
2004237,msmarco_passage_34_782222581,1,0,1
835760,msmarco_passage_08_787082193,2,0,3
493490,msmarco_passage_24_283300304,3,0,3
493490,msmarco_passage_39_306373753,3,0,3
2025747,msmarco_passage_68_755411513,0,0,0
646091,msmarco_passage_01_117683522,3,0,2
2037251,msmarco_passage_11_531633871,3,0,2
2082,msmarco_passage_27_868618164,3,0,3
2033470,msmarco_passage_41_681597057,3,0,1
2013306,msmarco_passage_41_246637078,2,0,0
2013306,msmarco_passage_68_751321350,2,0,0
2013306,msmarco_passage_48_67340798,2,0,0
2013306,msmarco_passage_68_752637314,2,0,0
2013306,msmarco_passage_64_780524992,2,0,0
2013306,msmarco_passage_68_754869495,2,0,0
2013306,msmarco_passage_65_579574461,2,0,0
2013306,msmarco_passage_41_316367868,2,0,0
2013306,msmarco_passage_24_253878167,2,0,0
2013306,msmarco_passage_29_746645686,2,0,0
2013306,msmarco_passage_20_252581744,2,0,0
2013306,msmarco_passage_46_69106902,2,0,0
2013306,msmarco_passage_38_572269596,2,0,0
2013306,msmarco_passage_38_382845174,2,0,0
2013306,msmarco_passage_64_803829084,2,0,0
2013306,msmarco_passage_25_315027822,2,0,0
2013306,msmarco_passage_68_601355218,2,0,0
2013306,msmarco_passage_41_252281408,2,0,0
2013306,msmarco_passage_11_827747206,2,0,0
2013306,msmarco_passage_29_873505016,2,0,0
2013306,msmarco_passage_66_266954917,2,0,0
2013306,msmarco_passage_64_299796282,2,0,0
2013306,msmarco_passage_68_752459725,2,0,0
2013306,msmarco_passage_00_757687854,2,0,0
2036968,msmarco_passage_43_704056715,3,0,3
2037609,msmarco_passage_25_333274233,0,0,0
2037609,msmarco_passage_09_291927344,0,0,0
2055634,msmarco_passage_10_547917206,3,0,1
395948,msmarco_passage_21_795210288,1,0,3
2026150,msmarco_passage_34_872498735,3,0,3
2004253,msmarco_passage_36_826065841,3,0,3
2026558,msmarco_passage_17_119246279,0,0,0
1104447,msmarco_passage_23_292595528,3,0,3
952262,msmarco_passage_04_374534646,3,0,3
2028378,msmarco_passage_30_604316926,3,0,2
1110996,msmarco_passage_20_799203367,3,0,3
1110996,msmarco_passage_30_689815006,1,0,2
2031726,msmarco_passage_14_48369444,1,0,0
2031726,msmarco_passage_12_613702019,1,0,0
2031726,msmarco_passage_61_164441696,1,0,0
2031726,msmarco_passage_09_281340494,1,0,0
2031726,msmarco_passage_32_847487898,1,0,0
2031726,msmarco_passage_56_791140786,1,0,0
2031726,msmarco_passage_66_753985085,1,0,0
2031726,msmarco_passage_11_797533404,1,0,0
2031726,msmarco_passage_61_283053085,1,0,0
2031726,msmarco_passage_28_580640706,1,0,0
2031726,msmarco_passage_32_719075066,1,0,0
2031726,msmarco_passage_68_777790749,1,0,0
2031726,msmarco_passage_36_600586486,1,0,0
2031726,msmarco_passage_51_684289680,1,0,0
2031726,msmarco_passage_07_642403569,1,0,0
2031726,msmarco_passage_11_431575219,1,0,0
2031726,msmarco_passage_05_453615975,1,0,0
2031726,msmarco_passage_50_364145488,1,0,0
2031726,msmarco_passage_14_420579141,1,0,0
2031726,msmarco_passage_66_270416347,1,0,0
2031726,msmarco_passage_68_755977953,1,0,0
2029260,msmarco_passage_38_441458717,0,0,0
2029260,msmarco_passage_64_805354015,0,0,0
2029260,msmarco_passage_54_772928716,0,0,0
2029260,msmarco_passage_01_155171481,0,0,0
2029260,msmarco_passage_17_611221032,0,0,0
2006375,msmarco_passage_33_66346297,0,0,0
2006375,msmarco_passage_13_147109802,0,0,0
2006375,msmarco_passage_53_289886611,2,0,1
2006375,msmarco_passage_58_659721310,0,0,0
2003322,msmarco_passage_02_192927682,3,0,2
1121909,msmarco_passage_67_909162700,1,0,3
2003322,msmarco_passage_37_342716206,3,0,3
2000719,msmarco_passage_68_640791599,0,0,0
2000719,msmarco_passage_52_411118214,3,0,3
2000719,msmarco_passage_64_42800325,0,0,0
2000719,msmarco_passage_14_294397198,0,0,0
2025747,msmarco_passage_63_436814804,0,0,0
2025747,msmarco_passage_25_323082221,0,0,1
2025747,msmarco_passage_66_304290489,0,0,0
2025747,msmarco_passage_64_781287055,0,0,0
2025747,msmarco_passage_38_477900966,0,0,0
2025747,msmarco_passage_62_482859143,0,0,0
2025747,msmarco_passage_61_601008946,0,0,0
2025747,msmarco_passage_14_292861846,0,0,0
2025747,msmarco_passage_46_776067905,0,0,0
2035565,msmarco_passage_01_236166176,3,0,3
1118716,msmarco_passage_35_218674391,1,0,1
2035565,msmarco_passage_68_639554243,1,0,1
2035565,msmarco_passage_68_639296708,1,0,2
2035565,msmarco_passage_10_103877513,3,0,3
1109840,msmarco_passage_48_180429036,2,0,3
2002269,msmarco_passage_56_834329581,1,0,1
364210,msmarco_passage_12_190422397,1,0,1
2007055,msmarco_passage_66_167927648,1,0,3
1104300,msmarco_passage_04_42132715,3,0,3
1104300,msmarco_passage_35_731101458,3,0,3
493490,msmarco_passage_16_830050141,3,0,3
2082,msmarco_passage_05_398000222,3,0,3
2082,msmarco_passage_17_209244396,2,0,3
2082,msmarco_passage_24_115356547,3,0,3
2082,msmarco_passage_40_394990314,3,0,3
2082,msmarco_passage_45_623200260,3,0,3
2082,msmarco_passage_55_217686589,3,0,3
2038466,msmarco_passage_26_605389599,3,0,3
2033470,msmarco_passage_41_681942005,3,0,0
2033470,msmarco_passage_68_446445911,3,0,1
2033470,msmarco_passage_41_680615197,3,0,1
2055211,msmarco_passage_29_736215308,1,0,3
2034676,msmarco_passage_20_62774788,1,0,1
2040352,msmarco_passage_36_189638933,3,0,0
2001975,msmarco_passage_60_811586129,3,0,3
2039908,msmarco_passage_03_645226328,3,0,1
2039908,msmarco_passage_50_490389583,3,0,3
2013306,msmarco_passage_68_750847657,2,0,0
2013306,msmarco_passage_51_856349134,2,0,0
2013306,msmarco_passage_34_369374931,2,0,0
2013306,msmarco_passage_47_493159635,2,0,0
2013306,msmarco_passage_33_693254293,2,0,0
2013306,msmarco_passage_14_420558618,2,0,0
2013306,msmarco_passage_32_660600973,2,0,0
2013306,msmarco_passage_68_782030065,2,0,0
2013306,msmarco_passage_60_350872199,2,0,0
2013306,msmarco_passage_57_170664257,2,0,0
2013306,msmarco_passage_40_835821667,2,0,0
2013306,msmarco_passage_41_249683186,2,0,0
2013306,msmarco_passage_28_453446653,2,0,0
2013306,msmarco_passage_51_592839389,2,0,0
2013306,msmarco_passage_68_750723217,2,0,0
2013306,msmarco_passage_22_277755285,2,0,0
2013306,msmarco_passage_62_48305927,2,0,0
2013306,msmarco_passage_61_136032094,2,0,0
2013306,msmarco_passage_47_526386618,2,0,0
2027497,msmarco_passage_66_712412295,1,0,1
2037609,msmarco_passage_15_768984026,0,0,0
2037609,msmarco_passage_58_645638515,0,0,0
2037609,msmarco_passage_03_543113761,0,0,0
2049417,msmarco_passage_04_155350533,0,0,0
395948,msmarco_passage_30_251604525,1,0,3
845121,msmarco_passage_03_739047042,1,0,3
2005861,msmarco_passage_57_350764459,0,0,0
832573,msmarco_passage_26_372735585,2,0,3
2031726,msmarco_passage_42_142338024,1,0,0
2031726,msmarco_passage_46_793508153,1,0,0
2031726,msmarco_passage_59_518189044,1,0,0
2031726,msmarco_passage_08_52264044,1,0,0
2031726,msmarco_passage_07_140593752,1,0,0
2031726,msmarco_passage_48_415101013,1,0,0
2031726,msmarco_passage_02_56729631,1,0,0
2031726,msmarco_passage_14_744600650,1,0,0
2031726,msmarco_passage_57_692101435,1,0,0
2031726,msmarco_passage_61_347349094,1,0,0
2031726,msmarco_passage_41_124214968,1,0,0
2031726,msmarco_passage_13_356072839,1,0,0
2031726,msmarco_passage_11_633573509,1,0,0
2031726,msmarco_passage_27_403892703,1,0,0
2031726,msmarco_passage_66_869547306,1,0,0
2031726,msmarco_passage_52_149601253,1,0,0
2031726,msmarco_passage_27_181323555,1,0,0
2031726,msmarco_passage_59_545401635,1,0,0
2031726,msmarco_passage_33_386700041,1,0,0
2031726,msmarco_passage_14_725677907,1,0,0
2030323,msmarco_passage_02_75445770,3,0,3
2029260,msmarco_passage_25_315901210,0,0,0
2029260,msmarco_passage_37_53484817,0,0,0
2029260,msmarco_passage_60_273637132,0,0,0
2006375,msmarco_passage_40_25694792,3,0,2
2006375,msmarco_passage_28_414259418,0,0,0
2006375,msmarco_passage_60_261044805,0,0,0
2006375,msmarco_passage_08_645715600,0,0,0
1113361,msmarco_passage_61_648929118,3,0,3
1113361,msmarco_passage_02_24688154,3,0,3
2000719,msmarco_passage_34_843695124,0,0,0
2000719,msmarco_passage_55_329287070,0,0,0
2000719,msmarco_passage_50_736080232,0,0,0
2000719,msmarco_passage_00_600846799,0,0,0
2025747,msmarco_passage_69_5407953,0,0,0
2025747,msmarco_passage_50_101776586,1,0,1
2025747,msmarco_passage_07_152273693,1,0,1
2025747,msmarco_passage_50_55191529,1,0,1
2025747,msmarco_passage_36_249586996,0,0,0
2025747,msmarco_passage_49_25753968,0,0,2
2025747,msmarco_passage_25_334370474,1,0,0
646091,msmarco_passage_05_548448771,3,0,3
337656,msmarco_passage_10_733659281,3,0,3
2004237,msmarco_passage_59_710649780,1,0,1
2004237,msmarco_passage_46_302636010,1,0,1
2055795,msmarco_passage_64_415884307,2,0,0
1104300,msmarco_passage_09_610195333,3,0,3
1104300,msmarco_passage_09_610202422,3,0,3
493490,msmarco_passage_24_647296964,3,0,3
493490,msmarco_passage_09_336664227,3,0,3
2009871,msmarco_passage_45_376555357,3,0,3
2009871,msmarco_passage_61_663552828,3,0,3
2009871,msmarco_passage_34_276290598,3,0,3
2009871,msmarco_passage_61_97175489,2,0,3
1037798,"2104865",0,,
1037798,"2258765",0,,
1037798,"2431943",0,,
1037798,"248029",0,,
1037798,"2540690",0,,
1037798,"3507427",0,,
1037798,"7244943",0,,
104861,"1926464",0,,
104861,"2098234",0,,
104861,"2944060",0,,
2028378,msmarco_passage_15_685142710,3,0,2
104861,"5457925",0,,
104861,"6644733",0,,
104861,"8260038",0,,
104861,"8286089",0,,
1063750,"2075184",0,,
1063750,"2242826",0,,
1063750,"8006005",0,,
1103812,"1101246",0,,
1103812,"1614305",0,,
1103812,"2845346",0,,
1103812,"3234230",0,,
1103812,"3543021",0,,
1103812,"4726842",0,,
1103812,"5573704",0,,
1103812,"947384",0,,
1103812,"961775",0,,
1106007,"1560243",0,,
1106007,"1628786",0,,
1106007,"1922002",0,,
1106007,"5228015",0,,
1106007,"5279704",0,,
1106007,"8137967",0,,
1110199,"1809283",0,,
1110199,"2316518",0,,
1110199,"2655849",0,,
1110199,"3972098",0,,
1110199,"5074862",0,,
1110199,"6547512",0,,
1110199,"7157857",0,,
1110199,"8003348",0,,
1110199,"863984",0,,
1110199,"995389",0,,
1112341,"2096429",0,,
1112341,"4390797",0,,
1113437,"5188745",0,,
1113437,"5362609",0,,
1113437,"742041",0,,
1113437,"7497493",0,,
1114646,"1786848",0,,
1114646,"2621606",0,,
1114646,"3015665",0,,
1114646,"7103112",0,,
1114819,"1761757",0,,
1114819,"5396765",0,,
1114819,"597047",0,,
1114819,"8076977",0,,
1115776,"3227499",0,,
1115776,"3344355",0,,
1115776,"5014104",0,,
1115776,"580734",0,,
1115776,"6417117",0,,
1115776,"6616844",0,,
1115776,"7165062",0,,
1115776,"8078183",0,,
1115776,"986665",0,,
1117099,"1068642",0,,
1117099,"2675335",0,,
1117099,"8681297",0,,
1121402,"1926655",0,,
1121402,"4503431",0,,
1121402,"6717338",0,,
1121402,"7011514",0,,
1121402,"752294",0,,
1121709,"1752813",0,,
1121709,"2940488",0,,
1121709,"3015619",0,,
1121709,"3709755",0,,
1121709,"383497",0,,
1121709,"4410384",0,,
1121709,"6999097",0,,
1121709,"8082261",0,,
1121709,"918512",0,,
1124210,"1883019",0,,
1124210,"2859498",0,,
1124210,"3147129",0,,
1124210,"6134821",0,,
1124210,"6306362",0,,
1124210,"6689009",0,,
1124210,"6737732",0,,
1124210,"7203364",0,,
1124210,"7695218",0,,
1124210,"8437722",0,,
1129237,"1373997",0,,
1129237,"1436868",0,,
1129237,"2870542",0,,
1129237,"7081249",0,,
1133167,"1572514",0,,
1133167,"2757422",0,,
1133167,"2991270",0,,
1133167,"3498426",0,,
1133167,"405188",0,,
1133167,"5555222",0,,
1133167,"8332521",0,,
1133167,"8415745",0,,
130510,"1156210",0,,
130510,"779340",0,,
130510,"8094068",0,,
131843,"985988",0,,
146187,"1246346",0,,
146187,"1329682",0,,
146187,"1464098",0,,
146187,"3129298",0,,
146187,"6561118",0,,
146187,"7309304",0,,
148538,"3969005",0,,
148538,"4264129",0,,
148538,"5305311",0,,
148538,"6293679",0,,
148538,"6303284",0,,
148538,"6487981",0,,
156493,"1172287",0,,
156493,"2141938",0,,
156493,"3732381",0,,
156493,"4588177",0,,
156493,"6471884",0,,
156493,"6775079",0,,
156493,"7760653",0,,
168216,"1529943",0,,
168216,"1766535",0,,
168216,"2303676",0,,
168216,"25528",0,,
168216,"267547",0,,
168216,"3174836",0,,
168216,"3552861",0,,
168216,"4215272",0,,
168216,"4245221",0,,
168216,"4317150",0,,
168216,"4493879",0,,
168216,"4959804",0,,
168216,"5298478",0,,
168216,"6223986",0,,
168216,"6643455",0,,
168216,"6988654",0,,
168216,"7835773",0,,
168216,"8048972",0,,
182539,"4370020",0,,
182539,"5543580",0,,
182539,"6155095",0,,
183378,"2524527",0,,
183378,"3719069",0,,
183378,"5325846",0,,
183378,"5534709",0,,
183378,"6846314",0,,
183378,"6880045",0,,
183378,"749541",0,,
183378,"769287",0,,
183378,"8217632",0,,
183378,"823210",0,,
183378,"8488211",0,,
183378,"8623015",0,,
19335,"1274620",0,,
19335,"161603",0,,
19335,"2324839",0,,
19335,"3175483",0,,
19335,"3637071",0,,
19335,"4050974",0,,
19335,"429849",0,,
19335,"4480942",0,,
19335,"5078867",0,,
19335,"5652225",0,,
19335,"691498",0,,
19335,"7665056",0,,
19335,"7763208",0,,
19335,"8677296",0,,
19335,"8798990",0,,
207786,"3855673",0,,
207786,"4759180",0,,
207786,"5288616",0,,
207786,"5297034",0,,
207786,"7413617",0,,
207786,"8185064",0,,
264014,"2876958",0,,
264014,"3116002",0,,
264014,"3218156",0,,
264014,"6501723",0,,
359349,"15804",0,,
359349,"1830509",0,,
359349,"3645754",0,,
359349,"576627",0,,
359349,"8398222",0,,
359349,"885427",0,,
405717,"2125641",0,,
405717,"2514107",0,,
405717,"8272571",0,,
405717,"931517",0,,
443396,"3323246",0,,
443396,"3519033",0,,
443396,"7251120",0,,
443396,"8693532",0,,
451602,"3052114",0,,
451602,"7012102",0,,
451602,"7510020",0,,
47923,"4490071",0,,
47923,"8418683",0,,
489204,"1251821",0,,
489204,"1310101",0,,
489204,"1950269",0,,
489204,"8724362",0,,
490595,"217594",0,,
490595,"388338",0,,
490595,"4763067",0,,
490595,"526092",0,,
490595,"7045864",0,,
490595,"7119229",0,,
527433,"1212785",0,,
527433,"4903731",0,,
527433,"5479497",0,,
527433,"653103",0,,
527433,"7991767",0,,
573724,"3059592",0,,
573724,"3762920",0,,
573724,"7474210",0,,
573724,"7992473",0,,
833860,"4046129",0,,
855410,"1172328",0,,
855410,"3984720",0,,
855410,"4246116",0,,
855410,"5021348",0,,
855410,"6806702",0,,
855410,"7140868",0,,
855410,"717359",0,,
87181,"4243434",0,,
87181,"5298150",0,,
87452,"1642159",0,,
87452,"3211632",0,,
915593,"2210591",0,,
915593,"4566823",0,,
915593,"4834224",0,,
915593,"6351110",0,,
915593,"7643828",0,,
915593,"8179001",0,,
915593,"98515",0,,
962179,"1864257",0,,
962179,"2929469",0,,
962179,"3896631",0,,
962179,"4590200",0,,
962179,"6699453",0,,
104861,"409268",1,,
104861,"5864689",1,,
104861,"5864695",1,,
104861,"6056676",1,,
104861,"6653679",1,,
104861,"7506029",1,,
104861,"8056411",1,,
1063750,"2391460",1,,
1063750,"2569817",1,,
1063750,"3327047",1,,
1063750,"3484002",1,,
1063750,"3610442",1,,
1063750,"3654236",1,,
1063750,"4193159",1,,
1063750,"4802036",1,,
1063750,"5360361",1,,
1063750,"584334",1,,
1063750,"6666451",1,,
1063750,"7122836",1,,
1063750,"7146782",1,,
1063750,"7862344",1,,
1063750,"819283",1,,
1063750,"8384973",1,,
1103812,"1315739",1,,
1103812,"2750960",1,,
1103812,"5581840",1,,
1103812,"8220086",1,,
1103812,"8224183",1,,
1103812,"8293805",1,,
1106007,"1020463",1,,
1106007,"1342527",1,,
1106007,"1905163",1,,
1110199,"5172684",1,,
1110199,"5857921",1,,
1112341,"2173822",1,,
1112341,"263958",1,,
1112341,"7752460",1,,
1113437,"1681783",1,,
1113437,"2001935",1,,
1113437,"4016933",1,,
1113437,"4751835",1,,
1113437,"6597538",1,,
1113437,"7385219",1,,
1113437,"742037",1,,
1113437,"8566591",1,,
1114646,"1316109",1,,
1114646,"1884059",1,,
1114646,"3861594",1,,
1114646,"444375",1,,
1114646,"444377",1,,
1114646,"5640859",1,,
1114646,"7196956",1,,
1114646,"771368",1,,
1114646,"8117092",1,,
1114646,"8117094",1,,
1114646,"8327369",1,,
1114819,"1315997",1,,
1114819,"1434686",1,,
1114819,"2668962",1,,
1114819,"2839946",1,,
1114819,"5363583",1,,
1114819,"6202318",1,,
1114819,"6611820",1,,
1114819,"6912304",1,,
1114819,"7132893",1,,
1114819,"8022281",1,,
1114819,"8579830",1,,
1114819,"8754395",1,,
1114819,"8754401",1,,
1114819,"956102",1,,
1115776,"2364285",1,,
1115776,"5790943",1,,
1115776,"8106324",1,,
1117099,"2605637",1,,
1117099,"3906412",1,,
1117099,"690634",1,,
1117099,"8681294",1,,
1121402,"182365",1,,
1121402,"5576063",1,,
1121709,"3423062",1,,
1121709,"8049578",1,,
1129237,"302210",1,,
1129237,"3683096",1,,
1129237,"998751",1,,
1133167,"1883277",1,,
1133167,"3598492",1,,
1133167,"4361441",1,,
1133167,"4443368",1,,
1133167,"4443374",1,,
1133167,"4625148",1,,
1133167,"4712276",1,,
1133167,"4926202",1,,
1133167,"6112593",1,,
1133167,"6157112",1,,
1133167,"6157114",1,,
1133167,"6467521",1,,
1133167,"7093512",1,,
1133167,"8415744",1,,
1133167,"8484845",1,,
130510,"1494930",1,,
130510,"6815300",1,,
130510,"7501563",1,,
131843,"1453832",1,,
131843,"2130346",1,,
131843,"6036658",1,,
131843,"6858933",1,,
131843,"8710808",1,,
131843,"8710810",1,,
146187,"6430260",1,,
148538,"1950975",1,,
148538,"2915327",1,,
148538,"3165111",1,,
148538,"3989976",1,,
148538,"4185814",1,,
148538,"4447601",1,,
148538,"5020788",1,,
148538,"6697437",1,,
148538,"6704661",1,,
148538,"811946",1,,
148538,"8730434",1,,
156493,"2928705",1,,
156493,"8725855",1,,
168216,"1832002",1,,
168216,"3342536",1,,
168216,"3344830",1,,
168216,"3556745",1,,
168216,"3681098",1,,
168216,"4160802",1,,
168216,"5298481",1,,
168216,"5298484",1,,
168216,"5880511",1,,
168216,"6219121",1,,
168216,"6548726",1,,
168216,"8320715",1,,
182539,"1638687",1,,
182539,"3760957",1,,
182539,"5567729",1,,
182539,"8299665",1,,
182539,"8598792",1,,
182539,"8757183",1,,
183378,"2533260",1,,
183378,"327914",1,,
183378,"3377749",1,,
183378,"3867604",1,,
183378,"4285002",1,,
183378,"5452480",1,,
183378,"6788949",1,,
19335,"1720395",1,,
19335,"3045565",1,,
207786,"4486236",1,,
207786,"8185061",1,,
264014,"1611221",1,,
264014,"3577343",1,,
264014,"3601328",1,,
264014,"3666584",1,,
264014,"3720137",1,,
264014,"4834544",1,,
264014,"528373",1,,
264014,"528378",1,,
264014,"5780498",1,,
264014,"6105567",1,,
264014,"6501719",1,,
264014,"96852",1,,
359349,"2293818",1,,
359349,"7062669",1,,
405717,"2702419",1,,
405717,"3033905",1,,
405717,"3274915",1,,
405717,"4418059",1,,
405717,"7170626",1,,
405717,"8433854",1,,
405717,"8433857",1,,
405717,"8433858",1,,
443396,"2169377",1,,
443396,"2871447",1,,
443396,"289513",1,,
443396,"7054522",1,,
451602,"1094139",1,,
451602,"2084909",1,,
451602,"2383971",1,,
451602,"264876",1,,
451602,"3509960",1,,
451602,"4874644",1,,
451602,"7859334",1,,
47923,"1669816",1,,
47923,"3246976",1,,
47923,"4684895",1,,
47923,"4778734",1,,
47923,"4793758",1,,
47923,"5051722",1,,
47923,"5147529",1,,
47923,"525511",1,,
47923,"7890942",1,,
47923,"913042",1,,
489204,"2645311",1,,
489204,"3353678",1,,
489204,"415420",1,,
489204,"4222521",1,,
489204,"5842850",1,,
489204,"5856566",1,,
489204,"5895917",1,,
489204,"6435264",1,,
489204,"6620077",1,,
489204,"7113309",1,,
489204,"7134737",1,,
489204,"8047853",1,,
489204,"8594272",1,,
490595,"1894652",1,,
490595,"7704024",1,,
490595,"8485141",1,,
527433,"1379245",1,,
527433,"2649533",1,,
527433,"3774357",1,,
527433,"3835731",1,,
527433,"6015376",1,,
527433,"6038411",1,,
527433,"6398043",1,,
527433,"8362259",1,,
527433,"8827928",1,,
527433,"890536",1,,
573724,"1165129",1,,
573724,"2002448",1,,
573724,"3365633",1,,
573724,"3365638",1,,
573724,"3937080",1,,
573724,"5721831",1,,
573724,"5962420",1,,
573724,"7199667",1,,
573724,"7199669",1,,
573724,"8530902",1,,
573724,"8833194",1,,
833860,"3421947",1,,
833860,"7038170",1,,
833860,"7706738",1,,
855410,"8651772",1,,
87181,"123547",1,,
87181,"1961300",1,,
87181,"2528294",1,,
87181,"2596279",1,,
87181,"6885718",1,,
87181,"8151919",1,,
87181,"8151922",1,,
87181,"8683178",1,,
87452,"2052496",1,,
87452,"2312984",1,,
87452,"4284131",1,,
87452,"4307936",1,,
87452,"4561062",1,,
87452,"8081937",1,,
915593,"7709320",1,,
1037798,"7822415",2,,
104861,"1357961",2,,
104861,"146170",2,,
104861,"146174",2,,
104861,"1811410",2,,
104861,"3443176",2,,
104861,"4017858",2,,
104861,"459676",2,,
104861,"5138467",2,,
104861,"5138470",2,,
104861,"5150431",2,,
104861,"5688415",2,,
104861,"5703400",2,,
104861,"5801822",2,,
104861,"629277",2,,
104861,"715676",2,,
104861,"8546158",2,,
1063750,"1248663",2,,
1063750,"2391455",2,,
1063750,"2784784",2,,
1063750,"2975474",2,,
1063750,"3192413",2,,
1063750,"3327049",2,,
1063750,"3394537",2,,
1063750,"3610445",2,,
1063750,"3654235",2,,
1063750,"3871549",2,,
1063750,"3973423",2,,
1063750,"4487118",2,,
1063750,"4681094",2,,
1063750,"4718159",2,,
1063750,"5138680",2,,
1063750,"5360356",2,,
1063750,"5766337",2,,
1063750,"6347199",2,,
1063750,"8384979",2,,
1063750,"8722081",2,,
1063750,"8821735",2,,
1063750,"8821738",2,,
1063750,"8821739",2,,
1106007,"1334331",2,,
1106007,"1334334",2,,
1106007,"2672608",2,,
1106007,"5774818",2,,
1106007,"7500587",2,,
1106007,"8204462",2,,
1106007,"8596078",2,,
1110199,"1901876",2,,
1110199,"1901881",2,,
1110199,"4053652",2,,
1110199,"4511137",2,,
1110199,"4511144",2,,
1110199,"5218014",2,,
1110199,"8160520",2,,
1112341,"1702902",2,,
1112341,"1707319",2,,
1113437,"6174328",2,,
1113437,"6688843",2,,
1113437,"7377277",2,,
1114819,"1119234",2,,
1114819,"1248112",2,,
1114819,"1302004",2,,
1114819,"1625836",2,,
1114819,"1724523",2,,
1114819,"1735443",2,,
1114819,"2008577",2,,
1114819,"255283",2,,
1114819,"327923",2,,
1114819,"327926",2,,
1114819,"344351",2,,
1114819,"3477360",2,,
1114819,"3641925",2,,
1114819,"3781419",2,,
1114819,"3814007",2,,
1114819,"3824972",2,,
1114819,"3906954",2,,
1114819,"5521371",2,,
1114819,"5628955",2,,
1114819,"605472",2,,
1114819,"7070942",2,,
1114819,"7425397",2,,
1114819,"7567806",2,,
1114819,"7588045",2,,
1114819,"768360",2,,
1114819,"8321012",2,,
1114819,"8336225",2,,
1114819,"8336230",2,,
1114819,"8480574",2,,
1114819,"8508263",2,,
1117099,"2504563",2,,
1117099,"2790381",2,,
1117099,"3781003",2,,
1117099,"518714",2,,
1117099,"6156360",2,,
1117099,"8459093",2,,
1121402,"6392403",2,,
1121402,"7125981",2,,
1124210,"2258598",2,,
1124210,"2433604",2,,
1124210,"2806527",2,,
1124210,"3225189",2,,
1124210,"3225197",2,,
1124210,"3466959",2,,
1124210,"3517427",2,,
1124210,"4303129",2,,
1124210,"4648416",2,,
1124210,"6146809",2,,
1124210,"6541868",2,,
1124210,"6636931",2,,
1124210,"6737729",2,,
1124210,"7203367",2,,
1124210,"7224102",2,,
1124210,"8026743",2,,
1124210,"8650639",2,,
1124210,"8828525",2,,
1124210,"92049",2,,
1124210,"931165",2,,
1129237,"1770027",2,,
1133167,"1824488",2,,
1133167,"18351",2,,
1133167,"1883281",2,,
1133167,"190803",2,,
1133167,"190806",2,,
1133167,"2613291",2,,
1133167,"3421898",2,,
1133167,"3560313",2,,
1133167,"3944277",2,,
1133167,"4294930",2,,
1133167,"434120",2,,
1133167,"4498476",2,,
1133167,"4712273",2,,
1133167,"6112591",2,,
1133167,"6257034",2,,
1133167,"6299572",2,,
1133167,"6467523",2,,
1133167,"6999440",2,,
1133167,"7218012",2,,
1133167,"7218016",2,,
1133167,"7793416",2,,
1133167,"8033647",2,,
1133167,"8160224",2,,
1133167,"8160241",2,,
1133167,"823277",2,,
1133167,"8748592",2,,
1133167,"8839920",2,,
130510,"1494939",2,,
130510,"8612904",2,,
131843,"8710809",2,,
146187,"8434626",2,,
148538,"1384447",2,,
156493,"1277720",2,,
156493,"1277723",2,,
156493,"1277727",2,,
156493,"1277728",2,,
156493,"1347266",2,,
156493,"1861642",2,,
156493,"2123395",2,,
156493,"2259180",2,,
156493,"2317800",2,,
156493,"2411918",2,,
156493,"2612491",2,,
156493,"2928706",2,,
156493,"349638",2,,
156493,"3603923",2,,
156493,"5346660",2,,
156493,"5555919",2,,
156493,"6139382",2,,
156493,"6524746",2,,
156493,"7055262",2,,
156493,"8182160",2,,
156493,"8182161",2,,
156493,"8182162",2,,
156493,"8273013",2,,
156493,"8393766",2,,
168216,"1090088",2,,
168216,"1677027",2,,
168216,"1974321",2,,
168216,"3399716",2,,
168216,"4191391",2,,
168216,"4324487",2,,
168216,"4324493",2,,
168216,"6213324",2,,
168216,"6213326",2,,
168216,"6219117",2,,
168216,"6329932",2,,
168216,"8319214",2,,
168216,"8319216",2,,
168216,"8319218",2,,
182539,"57443",2,,
182539,"7371255",2,,
183378,"327913",2,,
183378,"5098266",2,,
183378,"7677968",2,,
183378,"8260787",2,,
19335,"8412683",2,,
207786,"4218707",2,,
207786,"8273754",2,,
207786,"8273762",2,,
264014,"3577338",2,,
264014,"3841908",2,,
264014,"4834543",2,,
264014,"5324948",2,,
264014,"5611210",2,,
264014,"5635522",2,,
264014,"58387",2,,
264014,"7323471",2,,
264014,"935825",2,,
359349,"3223833",2,,
405717,"7728831",2,,
443396,"4513339",2,,
443396,"5503972",2,,
443396,"7708938",2,,
443396,"8769907",2,,
443396,"8790079",2,,
443396,"8790085",2,,
451602,"1096342",2,,
451602,"384317",2,,
451602,"4863800",2,,
451602,"6171396",2,,
451602,"6942418",2,,
451602,"7444911",2,,
47923,"284591",2,,
47923,"3630935",2,,
47923,"5966643",2,,
47923,"6378779",2,,
47923,"766025",2,,
47923,"986177",2,,
489204,"1557550",2,,
489204,"1664640",2,,
527433,"1379242",2,,
527433,"4952129",2,,
573724,"1509942",2,,
573724,"8441642",2,,
573724,"87400",2,,
833860,"2386361",2,,
833860,"6218040",2,,
833860,"8833506",2,,
87181,"2556151",2,,
87181,"6484575",2,,
87181,"8332555",2,,
87452,"7353359",2,,
87452,"8819111",2,,
87452,"8819116",2,,
915593,"2923497",2,,
915593,"3385971",2,,
915593,"5931266",2,,
915593,"7861747",2,,
915593,"7885529",2,,
915593,"8029533",2,,
915593,"8402971",2,,
1037798,"8760871",3,,
1103812,"8220089",3,,
1106007,"1334330",3,,
1110199,"1901878",3,,
1110199,"3838638",3,,
1110199,"5049363",3,,
1110199,"8160518",3,,
1112341,"1035064",3,,
1112341,"1035067",3,,
1112341,"1253945",3,,
1112341,"1253952",3,,
1112341,"1267515",3,,
1112341,"1267518",3,,
1112341,"1369482",3,,
1112341,"1998331",3,,
1112341,"2468291",3,,
1112341,"2694636",3,,
1112341,"2936513",3,,
1112341,"3352255",3,,
1112341,"3408231",3,,
1112341,"345581",3,,
1112341,"355117",3,,
1112341,"4102529",3,,
1112341,"4161482",3,,
1112341,"4416076",3,,
1112341,"4566122",3,,
1112341,"5133283",3,,
1112341,"5133287",3,,
1112341,"6303182",3,,
1112341,"6303183",3,,
1112341,"6303184",3,,
1112341,"6303187",3,,
1112341,"6311801",3,,
1112341,"7088039",3,,
1112341,"8134797",3,,
1112341,"8139256",3,,
1112341,"8139257",3,,
1112341,"917582",3,,
1114646,"5279567",3,,
1114646,"5417954",3,,
1114646,"8117091",3,,
1114819,"1738250",3,,
1114819,"344350",3,,
1114819,"694737",3,,
1114819,"7803435",3,,
1114819,"8115435",3,,
1114819,"8115439",3,,
1114819,"8508259",3,,
1115776,"4314176",3,,
1117099,"1687526",3,,
1117099,"2790382",3,,
1117099,"4458509",3,,
1117099,"4458512",3,,
1117099,"6057206",3,,
1117099,"6057207",3,,
1117099,"6122720",3,,
1117099,"6122721",3,,
1117099,"6505419",3,,
1117099,"6505420",3,,
1117099,"714808",3,,
1117099,"8093931",3,,
1117099,"8093932",3,,
1117099,"8294083",3,,
1117099,"8446504",3,,
1117099,"8838111",3,,
1124210,"2089537",3,,
1129237,"128982",3,,
1129237,"3905057",3,,
1129237,"8588219",3,,
1133167,"1824480",3,,
1133167,"190804",3,,
1133167,"434125",3,,
1133167,"6112587",3,,
130510,"8612903",3,,
131843,"8305151",3,,
131843,"8305154",3,,
131843,"8305155",3,,
131843,"8305156",3,,
131843,"985989",3,,
131843,"985990",3,,
131843,"985995",3,,
148538,"7407803",3,,
168216,"1183706",3,,
168216,"1274194",3,,
168216,"1301467",3,,
168216,"1301469",3,,
168216,"1301472",3,,
168216,"1301474",3,,
168216,"1735358",3,,
168216,"2069992",3,,
168216,"2069995",3,,
168216,"290826",3,,
168216,"3033359",3,,
168216,"3198687",3,,
168216,"3344828",3,,
168216,"3681095",3,,
168216,"3908773",3,,
168216,"3908776",3,,
168216,"3908777",3,,
168216,"4498419",3,,
168216,"4792582",3,,
168216,"5935476",3,,
168216,"6249512",3,,
168216,"6282562",3,,
168216,"6426634",3,,
168216,"8185131",3,,
168216,"8185135",3,,
168216,"8185137",3,,
168216,"8639630",3,,
168216,"8731621",3,,
168216,"8731623",3,,
183378,"1289489",3,,
183378,"1289496",3,,
183378,"1605768",3,,
183378,"1773958",3,,
183378,"1908513",3,,
183378,"192535",3,,
183378,"2095235",3,,
183378,"2352716",3,,
183378,"2403808",3,,
183378,"2574033",3,,
183378,"2644128",3,,
183378,"2874543",3,,
183378,"3093217",3,,
183378,"3119899",3,,
183378,"3389578",3,,
183378,"3389580",3,,
183378,"3389581",3,,
183378,"3389585",3,,
183378,"349581",3,,
183378,"3561703",3,,
183378,"3578563",3,,
183378,"371475",3,,
183378,"3854428",3,,
183378,"3888461",3,,
183378,"3953760",3,,
183378,"3987911",3,,
183378,"4134895",3,,
183378,"4134896",3,,
183378,"4134901",3,,
183378,"4285004",3,,
183378,"4493913",3,,
183378,"4493916",3,,
183378,"4493918",3,,
183378,"4493920",3,,
183378,"4727419",3,,
183378,"5260515",3,,
183378,"5460939",3,,
183378,"5899214",3,,
183378,"6109460",3,,
183378,"6247404",3,,
183378,"6291380",3,,
183378,"6626236",3,,
183378,"6788947",3,,
183378,"7449743",3,,
183378,"7449748",3,,
183378,"7449751",3,,
183378,"7449752",3,,
183378,"7678696",3,,
183378,"7718054",3,,
183378,"7734209",3,,
183378,"8006512",3,,
183378,"8121375",3,,
183378,"8381280",3,,
183378,"8567665",3,,
183378,"8570255",3,,
183378,"8570256",3,,
183378,"8570257",3,,
183378,"8570260",3,,
183378,"8767239",3,,
183378,"8794304",3,,
183378,"8794306",3,,
183378,"8794307",3,,
19335,"3175481",3,,
19335,"8412684",3,,
264014,"1804644",3,,
264014,"3372501",3,,
264014,"3396076",3,,
264014,"4834547",3,,
264014,"528372",3,,
264014,"5611214",3,,
264014,"5950722",3,,
264014,"6105571",3,,
264014,"6105572",3,,
264014,"6641238",3,,
264014,"684616",3,,
359349,"68647",3,,
359349,"943229",3,,
443396,"3440848",3,,
443396,"3721948",3,,
443396,"8536118",3,,
451602,"1251646",3,,
451602,"1373769",3,,
451602,"1542548",3,,
451602,"1580615",3,,
451602,"2133671",3,,
451602,"2176455",3,,
451602,"362780",3,,
451602,"4352597",3,,
451602,"4495080",3,,
451602,"5451777",3,,
451602,"5538942",3,,
451602,"601510",3,,
451602,"6587791",3,,
451602,"6827517",3,,
451602,"7127634",3,,
451602,"8047626",3,,
451602,"8281322",3,,
451602,"8383462",3,,
451602,"8390518",3,,
451602,"8621776",3,,
451602,"96222",3,,
451602,"96229",3,,
47923,"618556",3,,
47923,"6241152",3,,
47923,"6643066",3,,
490595,"4737060",3,,
490595,"4737061",3,,
490595,"4842890",3,,
527433,"1379237",3,,
833860,"1889863",3,,
833860,"3437281",3,,
833860,"3437288",3,,
833860,"5167510",3,,
833860,"5167513",3,,
833860,"6230221",3,,
833860,"6230222",3,,
87452,"2624886",3,,
87452,"5219890",3,,
87452,"6018168",3,,
87452,"7561800",3,,
87452,"7561803",3,,
915593,"1605506",3,,
915593,"275728",3,,
915593,"2923493",3,,
915593,"5931269",3,,
915593,"8029530",3,,
915593,"82108",3,,
915593,"82110",3,,
915593,"8402972",3,,
962179,"2329693",3,,
962179,"2329697",3,,
962179,"2329699",3,,
962179,"2978864",3,,
962179,"2978866",3,,
962179,"3705165",3,,
962179,"4606386",3,,
962179,"536176",3,,
962179,"5653659",3,,
962179,"6980697",3,,
2030323,msmarco_passage_45_52242969,3,0,3
629937,msmarco_passage_39_119423024,3,0,2
